,step,loss,learning_rate,approx_kl,clip_fraction,clip_range,explained_variance,entropy_loss,policy_gradient_loss,value_loss
0,10240,-0.009128410369157791,9.999999747378752e-05,0.0028510107658803463,0.12353515625,0.10000000149011612,0.5659096240997314,-1.77008056640625,-0.003219693200662732,0.03789800405502319
1,20480,-0.008515441790223122,9.999999747378752e-05,0.0025210236199200153,0.064453125,0.10000000149011612,0.6357173919677734,-1.7784936428070068,-0.0013943033991381526,0.032006315886974335
2,30720,0.029101504012942314,9.999999747378752e-05,0.0024887470062822104,0.041259765625,0.10000000149011612,0.6406794786453247,-1.7824671268463135,-0.0026736375875771046,0.05400322005152702
3,40960,-0.010136721655726433,9.999999747378752e-05,0.0020987801253795624,0.083740234375,0.10000000149011612,0.7652387619018555,-1.7614209651947021,-0.003065946511924267,0.025119978934526443
4,51200,-0.006678055040538311,9.999999747378752e-05,0.0016623365227133036,0.0576171875,0.10000000149011612,0.8712668418884277,-1.612310528755188,-0.0005927624297328293,0.02328541874885559
5,61440,-0.0119908656924963,9.999999747378752e-05,0.0014099417021498084,0.08740234375,0.10000000149011612,0.8735909461975098,-1.5651036500930786,-0.0003056761925108731,0.022700663655996323
6,71680,-0.011268693953752518,9.999999747378752e-05,0.0021728065330535173,0.072998046875,0.10000000149011612,0.90621417760849,-1.534948706626892,-0.0028521553613245487,0.020813407376408577
7,81920,0.0019126227125525475,9.999999747378752e-05,0.002512077335268259,0.062255859375,0.10000000149011612,0.7695236206054688,-1.679628849029541,-0.0030996601562947035,0.02567599155008793
8,92160,0.00209842249751091,9.999999747378752e-05,0.001842880854383111,0.07568359375,0.10000000149011612,0.8270747661590576,-1.6399462223052979,-0.0023611788637936115,0.02609872631728649
9,102400,-0.032535769045352936,9.999999747378752e-05,0.0013531832955777645,0.0361328125,0.10000000149011612,0.7429594993591309,-1.6992748975753784,-0.0008256598957814276,0.025802846997976303
10,112640,-0.016831334680318832,9.999999747378752e-05,0.0014414731413125992,0.040771484375,0.10000000149011612,0.7541073560714722,-1.6558105945587158,-0.003295599017292261,0.022857902571558952
11,122880,0.001195291057229042,9.999999747378752e-05,0.0021705145481973886,0.064453125,0.10000000149011612,0.821805477142334,-1.702007532119751,-0.0018593590939417481,0.029762020334601402
12,133120,0.015472151339054108,9.999999747378752e-05,0.0017342354403808713,0.062255859375,0.10000000149011612,0.8241996169090271,-1.7194159030914307,-0.00453639542683959,0.026641609147191048
13,143360,-0.010765045881271362,9.999999747378752e-05,0.0016216235235333443,0.051025390625,0.10000000149011612,0.7317894697189331,-1.7404475212097168,-0.003396178362891078,0.03896248713135719
14,153600,-0.031797535717487335,9.999999747378752e-05,0.0017663806211203337,0.07373046875,0.10000000149011612,0.7603746652603149,-1.7515203952789307,-0.006195367313921452,0.02429150976240635
15,163840,-0.014957915991544724,9.999999747378752e-05,0.001277888659387827,0.061279296875,0.10000000149011612,0.8113574981689453,-1.7570332288742065,-0.004104124382138252,0.03907935693860054
16,174080,-0.022053979337215424,9.999999747378752e-05,0.002058710902929306,0.1015625,0.10000000149011612,0.7601922154426575,-1.7597789764404297,-0.0048052603378891945,0.03866693377494812
17,184320,-0.01480214111506939,9.999999747378752e-05,0.001942786038853228,0.116943359375,0.10000000149011612,0.655392050743103,-1.6960448026657104,-0.005853512790054083,0.03517666459083557
18,194560,-0.02797509916126728,9.999999747378752e-05,0.0026932479813694954,0.167724609375,0.10000000149011612,0.8214271664619446,-1.65544593334198,-0.0074749235063791275,0.02839135006070137
19,204800,-0.01606850139796734,9.999999747378752e-05,0.004053253214806318,0.179931640625,0.10000000149011612,0.570720911026001,-1.5664259195327759,-0.010369700379669666,0.03594541177153587
20,215040,-0.010490771383047104,9.999999747378752e-05,0.003979434259235859,0.201416015625,0.10000000149011612,0.7169446349143982,-1.4899204969406128,-0.007974209263920784,0.03392404317855835
21,225280,-0.026110699400305748,9.999999747378752e-05,0.004628462716937065,0.189453125,0.10000000149011612,0.6194778680801392,-1.5353890657424927,-0.006256617605686188,0.03335202485322952
22,235520,-0.026981055736541748,9.999999747378752e-05,0.003358208341524005,0.169921875,0.10000000149011612,0.6144514083862305,-1.5667812824249268,-0.009745447896420956,0.031211821362376213
23,245760,-0.021641837432980537,9.999999747378752e-05,0.0038547732401639223,0.19140625,0.10000000149011612,0.5941148996353149,-1.5711156129837036,-0.011170020326972008,0.036254238337278366
24,256000,-0.022087905555963516,9.999999747378752e-05,0.003170299343764782,0.153564453125,0.10000000149011612,0.7964555621147156,-1.5475788116455078,-0.008490673266351223,0.023543989285826683
25,266240,-0.01355162262916565,9.999999747378752e-05,0.004761852789670229,0.1875,0.10000000149011612,0.8047782182693481,-1.453778624534607,-0.010839310474693775,0.02237614430487156
26,276480,-0.03755364567041397,9.999999747378752e-05,0.0052991872653365135,0.26123046875,0.10000000149011612,0.7475507259368896,-1.4564149379730225,-0.007872626185417175,0.027331851422786713
27,286720,-0.01804877072572708,9.999999747378752e-05,0.0045333076268434525,0.2080078125,0.10000000149011612,0.6865985989570618,-1.4463438987731934,-0.010943219996988773,0.024461323395371437
28,296960,-0.012982809916138649,9.999999747378752e-05,0.004632977768778801,0.215087890625,0.10000000149011612,0.9069744348526001,-1.3628615140914917,-0.007241527549922466,0.03139630705118179
29,307200,-0.03580677881836891,9.999999747378752e-05,0.004162777215242386,0.186279296875,0.10000000149011612,0.9034122228622437,-1.3850336074829102,-0.008820013143122196,0.026819059625267982
30,317440,-0.03420820087194443,9.999999747378752e-05,0.004540734924376011,0.18994140625,0.10000000149011612,0.8785766959190369,-1.4635063409805298,-0.01313978061079979,0.03660089895129204
31,327680,-0.020777352154254913,9.999999747378752e-05,0.004563220776617527,0.21142578125,0.10000000149011612,0.8736271262168884,-1.4431426525115967,-0.009971694089472294,0.02979256771504879
32,337920,-0.02251408062875271,9.999999747378752e-05,0.004079378210008144,0.201904296875,0.10000000149011612,0.976273775100708,-1.3602956533432007,-0.012329915538430214,0.01784319058060646
33,348160,-0.02107967622578144,9.999999747378752e-05,0.005426101386547089,0.200439453125,0.10000000149011612,0.9331544637680054,-1.3936986923217773,-0.009031309746205807,0.025787143036723137
34,358400,-0.02342810668051243,9.999999747378752e-05,0.00497219804674387,0.2255859375,0.10000000149011612,0.943496823310852,-1.4342302083969116,-0.013407673686742783,0.020320581272244453
35,368640,-0.01649576798081398,9.999999747378752e-05,0.005829783156514168,0.19384765625,0.10000000149011612,0.9902242422103882,-1.2721091508865356,-0.011428949423134327,0.012322518974542618
36,378880,-0.0009130612015724182,9.999999747378752e-05,0.005102028604596853,0.21826171875,0.10000000149011612,0.9717015624046326,-1.351340651512146,-0.006334218662232161,0.0258339811116457
37,389120,-0.01177188754081726,9.999999747378752e-05,0.005495135672390461,0.21728515625,0.10000000149011612,0.8949006795883179,-1.3143540620803833,-0.009831573814153671,0.041530922055244446
38,399360,-0.012674851343035698,9.999999747378752e-05,0.005513993091881275,0.25439453125,0.10000000149011612,0.8471758365631104,-1.4157917499542236,-0.012114386074244976,0.043691910803318024
39,409600,-0.0434454008936882,9.999999747378752e-05,0.0059250397607684135,0.232666015625,0.10000000149011612,0.9802055358886719,-1.2401224374771118,-0.012332446873188019,0.016231028363108635
40,419840,0.0035573169589042664,9.999999747378752e-05,0.0050207688473165035,0.21728515625,0.10000000149011612,0.762296199798584,-1.3556914329528809,-0.009242397733032703,0.03430094197392464
41,430080,-0.030629144981503487,9.999999747378752e-05,0.006928844377398491,0.230712890625,0.10000000149011612,0.9239535927772522,-1.174225926399231,-0.013243884779512882,0.030139010399580002
42,440320,-0.03423410281538963,9.999999747378752e-05,0.004592334385961294,0.179931640625,0.10000000149011612,0.9273712635040283,-1.200790286064148,-0.013345963321626186,0.02404303476214409
43,450560,-0.01653837226331234,9.999999747378752e-05,0.005293084308505058,0.2412109375,0.10000000149011612,0.8899165391921997,-1.283708095550537,-0.012178506702184677,0.023452559486031532
44,460800,-0.030227411538362503,9.999999747378752e-05,0.006545579060912132,0.228271484375,0.10000000149011612,0.839000403881073,-1.3086832761764526,-0.01577368564903736,0.02940576896071434
45,471040,-0.017544474452733994,9.999999747378752e-05,0.0061577558517456055,0.223388671875,0.10000000149011612,0.9078491926193237,-1.2169983386993408,-0.014448248781263828,0.020741961896419525
46,481280,-0.029598094522953033,9.999999747378752e-05,0.006823061965405941,0.246337890625,0.10000000149011612,0.734108567237854,-1.379199504852295,-0.011767626740038395,0.037459541112184525
47,491520,-0.02116447314620018,9.999999747378752e-05,0.006211346480995417,0.253173828125,0.10000000149011612,0.8511320352554321,-1.373537540435791,-0.012149772606790066,0.025748850777745247
48,501760,-0.03264594078063965,9.999999747378752e-05,0.005940156988799572,0.23828125,0.10000000149011612,0.650438666343689,-1.3781542778015137,-0.015191180631518364,0.048057813197374344
49,512000,-0.034550368785858154,9.999999747378752e-05,0.0075006731785833836,0.259033203125,0.10000000149011612,0.8993921279907227,-1.3215426206588745,-0.01971943862736225,0.028618426993489265
50,522240,-0.0012458600103855133,9.999999747378752e-05,0.006471969652920961,0.263427734375,0.10000000149011612,0.7603240013122559,-1.3814622163772583,-0.01507983822375536,0.03207103908061981
51,532480,-0.03003542125225067,9.999999747378752e-05,0.006508668884634972,0.251953125,0.10000000149011612,0.8853849768638611,-1.3615360260009766,-0.018196063116192818,0.02435968816280365
52,542720,-0.043878767639398575,9.999999747378752e-05,0.007686362601816654,0.28125,0.10000000149011612,0.9080913662910461,-1.3415204286575317,-0.015150327235460281,0.020160583779215813
53,552960,-0.04486415162682533,9.999999747378752e-05,0.004915556870400906,0.220947265625,0.10000000149011612,0.9079576134681702,-1.394225835800171,-0.01655866950750351,0.022344771772623062
54,563200,-0.02160082943737507,9.999999747378752e-05,0.005697641987353563,0.227783203125,0.10000000149011612,0.9072251915931702,-1.3800232410430908,-0.014866456389427185,0.020360790193080902
55,573440,-0.04987906664609909,9.999999747378752e-05,0.007132716476917267,0.238525390625,0.10000000149011612,0.9411790370941162,-1.3190972805023193,-0.015090583823621273,0.02002193219959736
56,583680,-0.04466874152421951,9.999999747378752e-05,0.0063787661492824554,0.259765625,0.10000000149011612,0.9399806261062622,-1.3597397804260254,-0.01608356647193432,0.01962606981396675
57,593920,-0.04099274426698685,9.999999747378752e-05,0.00538373738527298,0.264404296875,0.10000000149011612,0.8940203785896301,-1.3597921133041382,-0.014913029037415981,0.029514743015170097
58,604160,-0.01451105996966362,9.999999747378752e-05,0.008186833932995796,0.2607421875,0.10000000149011612,0.7520579099655151,-1.4320104122161865,-0.016323430463671684,0.032395124435424805
59,614400,-0.0355517603456974,9.999999747378752e-05,0.007953193038702011,0.279541015625,0.10000000149011612,0.7234340310096741,-1.425319790840149,-0.02051198109984398,0.030873488634824753
60,624640,-0.03609728068113327,9.999999747378752e-05,0.006760873831808567,0.2314453125,0.10000000149011612,0.9216693639755249,-1.3722566366195679,-0.01453227549791336,0.015721233561635017
61,634880,-0.017899464815855026,9.999999747378752e-05,0.007816353812813759,0.23095703125,0.10000000149011612,0.8609052300453186,-1.4095999002456665,-0.0157975684851408,0.028422746807336807
62,645120,-0.037698786705732346,9.999999747378752e-05,0.005887055303901434,0.235107421875,0.10000000149011612,0.882219135761261,-1.364042043685913,-0.013632486574351788,0.020084533840417862
63,655360,-0.042754877358675,9.999999747378752e-05,0.005551600828766823,0.2158203125,0.10000000149011612,0.8976309299468994,-1.4031990766525269,-0.01837020367383957,0.020432278513908386
64,665600,-0.04724545404314995,9.999999747378752e-05,0.005877036601305008,0.256103515625,0.10000000149011612,0.9018809795379639,-1.427868366241455,-0.01816623844206333,0.02547573298215866
65,675840,-0.023720689117908478,9.999999747378752e-05,0.0070498231798410416,0.2685546875,0.10000000149011612,0.798442542552948,-1.411449670791626,-0.015481596812605858,0.040430698543787
66,686080,0.005186684429645538,9.999999747378752e-05,0.007130731828510761,0.243408203125,0.10000000149011612,0.7317441701889038,-1.442991018295288,-0.014091172255575657,0.037938740104436874
67,696320,-0.03934122622013092,9.999999747378752e-05,0.006361098960042,0.261962890625,0.10000000149011612,0.9023436903953552,-1.410815715789795,-0.018585503101348877,0.020631100982427597
68,706560,-0.02812553010880947,9.999999747378752e-05,0.008617764338850975,0.277099609375,0.10000000149011612,0.909355640411377,-1.3361951112747192,-0.015589002519845963,0.026239199563860893
69,716800,-0.03481043875217438,9.999999747378752e-05,0.006944550201296806,0.26953125,0.10000000149011612,0.8786593675613403,-1.403490424156189,-0.020656296983361244,0.02666613459587097
70,727040,-0.032729677855968475,9.999999747378752e-05,0.006747136823832989,0.262451171875,0.10000000149011612,0.9135625958442688,-1.4323680400848389,-0.018394703045487404,0.027592170983552933
71,737280,-0.03492220118641853,9.999999747378752e-05,0.008770978078246117,0.2841796875,0.10000000149011612,0.8871422410011292,-1.4121768474578857,-0.020377391949295998,0.027861353009939194
72,747520,-0.04185156896710396,9.999999747378752e-05,0.008729245513677597,0.284912109375,0.10000000149011612,0.8099008798599243,-1.358091950416565,-0.020310984924435616,0.0284385085105896
73,757760,-0.038318485021591187,9.999999747378752e-05,0.007881728932261467,0.287353515625,0.10000000149011612,0.8176945447921753,-1.368322730064392,-0.018974142149090767,0.03215678036212921
74,768000,-0.02810961753129959,9.999999747378752e-05,0.010215098038315773,0.2958984375,0.10000000149011612,0.8225536346435547,-1.3266007900238037,-0.022818243131041527,0.023737449198961258
75,778240,-0.028680790215730667,9.999999747378752e-05,0.008667821995913982,0.308837890625,0.10000000149011612,0.8269703388214111,-1.2549113035202026,-0.014885611832141876,0.021596407517790794
76,788480,-0.04652398079633713,9.999999747378752e-05,0.00745170284062624,0.30029296875,0.10000000149011612,0.8936842679977417,-1.3077706098556519,-0.02069677785038948,0.01889854297041893
77,798720,-0.03499767556786537,9.999999747378752e-05,0.009149285033345222,0.299560546875,0.10000000149011612,0.8751070499420166,-1.3467613458633423,-0.022488610818982124,0.019433917477726936
78,808960,-0.03338700532913208,9.999999747378752e-05,0.008440190926194191,0.2861328125,0.10000000149011612,0.9147440195083618,-1.3687760829925537,-0.020705141127109528,0.013877557590603828
79,819200,-0.042858581990003586,9.999999747378752e-05,0.007447308860719204,0.255126953125,0.10000000149011612,0.905292272567749,-1.3518391847610474,-0.017829803749918938,0.017180083319544792
80,829440,-0.022745836526155472,9.999999747378752e-05,0.007335827685892582,0.238037109375,0.10000000149011612,0.944071352481842,-1.3479989767074585,-0.019311610609292984,0.007913046516478062
81,839680,-0.040908440947532654,9.999999747378752e-05,0.007341611664742231,0.251953125,0.10000000149011612,0.9171589612960815,-1.3047930002212524,-0.019198590889573097,0.015013222582638264
82,849920,-0.041977040469646454,9.999999747378752e-05,0.007821088656783104,0.263916015625,0.10000000149011612,0.9432384967803955,-1.2385119199752808,-0.014705779030919075,0.005644529592245817
83,860160,-0.04170515015721321,9.999999747378752e-05,0.008472863584756851,0.283203125,0.10000000149011612,0.9282549023628235,-1.28394615650177,-0.01726093329489231,0.013975217007100582
84,870400,-0.04912705719470978,9.999999747378752e-05,0.009613221511244774,0.2470703125,0.10000000149011612,0.8681681156158447,-1.2857695817947388,-0.0189178716391325,0.013805369846522808
85,880640,-0.03281188756227493,9.999999747378752e-05,0.007745225913822651,0.25927734375,0.10000000149011612,0.9095905423164368,-1.3130134344100952,-0.01860613375902176,0.013603465631604195
86,890880,-0.03596753254532814,9.999999747378752e-05,0.007968457415699959,0.255859375,0.10000000149011612,0.9463401436805725,-1.2756909132003784,-0.016428980976343155,0.009991973638534546
87,901120,-0.014367867261171341,9.999999747378752e-05,0.008392833173274994,0.28662109375,0.10000000149011612,0.9216068387031555,-1.2665250301361084,-0.020066991448402405,0.011630202643573284
88,911360,-0.05001087486743927,9.999999747378752e-05,0.008978450670838356,0.272705078125,0.10000000149011612,0.9492580890655518,-1.3361788988113403,-0.02065170928835869,0.010139410383999348
89,921600,-0.06068471074104309,9.999999747378752e-05,0.00793684832751751,0.312255859375,0.10000000149011612,0.9526607990264893,-1.2995476722717285,-0.01573375053703785,0.006273846607655287
90,931840,-0.03436262160539627,9.999999747378752e-05,0.008050579577684402,0.28076171875,0.10000000149011612,0.8586576581001282,-1.2784066200256348,-0.016164861619472504,0.020597800612449646
91,942080,-0.04062375798821449,9.999999747378752e-05,0.007683213800191879,0.287353515625,0.10000000149011612,0.9000979661941528,-1.2913925647735596,-0.019669417291879654,0.020568590611219406
92,952320,-0.03033963032066822,9.999999747378752e-05,0.007747338153421879,0.28173828125,0.10000000149011612,0.8610134124755859,-1.3524562120437622,-0.020186780020594597,0.015251584351062775
93,962560,-0.0413227416574955,9.999999747378752e-05,0.006878165993839502,0.259765625,0.10000000149011612,0.9183127880096436,-1.3111462593078613,-0.01830427721142769,0.008005687966942787
94,972800,-0.028289055451750755,9.999999747378752e-05,0.007194889709353447,0.259521484375,0.10000000149011612,0.8931570053100586,-1.2597564458847046,-0.017331186681985855,0.012810843996703625
95,983040,-0.026062913239002228,9.999999747378752e-05,0.008814611472189426,0.28955078125,0.10000000149011612,0.9097763895988464,-1.261622428894043,-0.01566074974834919,0.012943643145263195
96,993280,-0.024396643042564392,9.999999747378752e-05,0.010605286806821823,0.3037109375,0.10000000149011612,0.93304044008255,-1.2262945175170898,-0.019833102822303772,0.010257589630782604
97,1003520,-0.03850274160504341,9.999999747378752e-05,0.008903997018933296,0.29443359375,0.10000000149011612,0.8824321031570435,-1.2832564115524292,-0.01879548653960228,0.014744292944669724
98,1013760,-0.018607262521982193,9.999999747378752e-05,0.006729102693498135,0.248046875,0.10000000149011612,0.9413076043128967,-1.3262150287628174,-0.01560139935463667,0.008006549440324306
99,1024000,-0.05244552716612816,9.999999747378752e-05,0.009767768904566765,0.322998046875,0.10000000149011612,0.9608306884765625,-1.2337900400161743,-0.020332925021648407,0.00903853215277195
100,1034240,-0.017410900443792343,9.999999747378752e-05,0.01004369743168354,0.263671875,0.10000000149011612,0.9672399163246155,-1.3397066593170166,-0.012295104563236237,0.004518405068665743
101,1044480,-0.030749311670660973,9.999999747378752e-05,0.007493879646062851,0.251953125,0.10000000149011612,0.8811780214309692,-1.3153276443481445,-0.01676931418478489,0.01271767821162939
102,1054720,-0.04424792900681496,9.999999747378752e-05,0.008695030584931374,0.2626953125,0.10000000149011612,0.943993866443634,-1.2787567377090454,-0.02467714250087738,0.011091367341578007
103,1064960,-0.04111683741211891,9.999999747378752e-05,0.009842612780630589,0.291259765625,0.10000000149011612,0.9250167012214661,-1.189081072807312,-0.02083568647503853,0.011088581755757332
104,1075200,-0.04909128695726395,9.999999747378752e-05,0.007832851260900497,0.263427734375,0.10000000149011612,0.8871701955795288,-1.2845025062561035,-0.021221624687314034,0.01907745935022831
105,1085440,-0.05933142825961113,9.999999747378752e-05,0.00858328491449356,0.287841796875,0.10000000149011612,0.9336240291595459,-1.2812243700027466,-0.020009184256196022,0.008823558688163757
106,1095680,-0.03841017559170723,9.999999747378752e-05,0.009218738414347172,0.305419921875,0.10000000149011612,0.970117449760437,-1.2550112009048462,-0.022244421765208244,0.006915859878063202
107,1105920,-0.03358415886759758,9.999999747378752e-05,0.0076508792117238045,0.282470703125,0.10000000149011612,0.9628684520721436,-1.2522491216659546,-0.020806554704904556,0.012709924951195717
108,1116160,-0.02866828441619873,9.999999747378752e-05,0.008615560829639435,0.276123046875,0.10000000149011612,0.9535902142524719,-1.11296808719635,-0.018813032656908035,0.013847225345671177
109,1126400,-0.03721361979842186,9.999999747378752e-05,0.009598172269761562,0.269287109375,0.10000000149011612,0.8793060183525085,-1.1610920429229736,-0.016775798052549362,0.02971618063747883
110,1136640,-0.03308974578976631,9.999999747378752e-05,0.007594123482704163,0.277587890625,0.10000000149011612,0.8953478932380676,-1.2362945079803467,-0.016463110223412514,0.020707637071609497
111,1146880,-0.05474785342812538,9.999999747378752e-05,0.009512120857834816,0.298583984375,0.10000000149011612,0.9548144936561584,-1.1723787784576416,-0.019873348996043205,0.007363352458924055
112,1157120,-0.042990170419216156,9.999999747378752e-05,0.010126502253115177,0.2861328125,0.10000000149011612,0.8883600234985352,-1.1558622121810913,-0.018974244594573975,0.014877903275191784
113,1167360,-0.034360893070697784,9.999999747378752e-05,0.01077151671051979,0.28173828125,0.10000000149011612,0.9448870420455933,-1.1809580326080322,-0.02238825522363186,0.011743463575839996
114,1177600,0.006284433417022228,9.999999747378752e-05,0.01039920188486576,0.256591796875,0.10000000149011612,0.9452955722808838,-1.1206670999526978,-0.01867331750690937,0.007357326336205006
115,1187840,-0.04733358323574066,9.999999747378752e-05,0.009576368145644665,0.298583984375,0.10000000149011612,0.9107509255409241,-1.1055688858032227,-0.019525956362485886,0.012062346562743187
116,1198080,-0.024629823863506317,9.999999747378752e-05,0.008737007156014442,0.285888671875,0.10000000149011612,0.9113572239875793,-1.196469783782959,-0.018924608826637268,0.0068350122310221195
117,1208320,-0.04020444303750992,9.999999747378752e-05,0.010068963281810284,0.27490234375,0.10000000149011612,0.9023951292037964,-1.2272014617919922,-0.019319549202919006,0.012901971116662025
118,1218560,-0.0412311851978302,9.999999747378752e-05,0.008499456569552422,0.277099609375,0.10000000149011612,0.8617374897003174,-1.2421833276748657,-0.018578950315713882,0.016367927193641663
119,1228800,-0.03143693134188652,9.999999747378752e-05,0.010916940867900848,0.273681640625,0.10000000149011612,0.8434101343154907,-1.2121785879135132,-0.017298342660069466,0.019440907984972
120,1239040,-0.04986829310655594,9.999999747378752e-05,0.009280664846301079,0.2783203125,0.10000000149011612,0.9164692759513855,-1.2673832178115845,-0.018303049728274345,0.01206042617559433
121,1249280,-0.028617938980460167,9.999999747378752e-05,0.009536762721836567,0.277099609375,0.10000000149011612,0.9185400009155273,-1.2806395292282104,-0.020632322877645493,0.008838395588099957
122,1259520,-0.05759374797344208,9.999999747378752e-05,0.010102392174303532,0.298828125,0.10000000149011612,0.9429937601089478,-1.273315191268921,-0.019260328263044357,0.004702180158346891
123,1269760,-0.0378996767103672,9.999999747378752e-05,0.009706772863864899,0.266357421875,0.10000000149011612,0.9046357274055481,-1.2412282228469849,-0.02299519255757332,0.012577500194311142
124,1280000,-0.049012694507837296,9.999999747378752e-05,0.007838895544409752,0.27783203125,0.10000000149011612,0.9324132800102234,-1.2717642784118652,-0.019002528861165047,0.005367758683860302
125,1290240,-0.042389608919620514,9.999999747378752e-05,0.01111540012061596,0.311767578125,0.10000000149011612,0.9615688920021057,-1.2676029205322266,-0.021942466497421265,0.005832365248352289
126,1300480,-0.05724693089723587,9.999999747378752e-05,0.011178027838468552,0.318115234375,0.10000000149011612,0.9307531118392944,-1.2365909814834595,-0.022904235869646072,0.01662765070796013
127,1310720,-0.026130860671401024,9.999999747378752e-05,0.007983412593603134,0.294921875,0.10000000149011612,0.9570709466934204,-1.2405880689620972,-0.015176115557551384,0.0032924835104495287
128,1320960,-0.04170042648911476,9.999999747378752e-05,0.008654680103063583,0.26220703125,0.10000000149011612,0.940524160861969,-1.2233409881591797,-0.017924807965755463,0.00896486360579729
129,1331200,-0.04404066875576973,9.999999747378752e-05,0.008515425957739353,0.275634765625,0.10000000149011612,0.9274966716766357,-1.1586960554122925,-0.018478063866496086,0.004611555486917496
130,1341440,-0.0517166368663311,9.999999747378752e-05,0.011360174044966698,0.296630859375,0.10000000149011612,0.9501891136169434,-1.231495976448059,-0.021755697205662727,0.0034699004609137774
131,1351680,-0.06147250533103943,9.999999747378752e-05,0.010648971423506737,0.31884765625,0.10000000149011612,0.930514395236969,-1.1851361989974976,-0.020398713648319244,0.006819570902734995
132,1361920,-0.046384286135435104,9.999999747378752e-05,0.010216757655143738,0.290283203125,0.10000000149011612,0.8600322008132935,-1.3433488607406616,-0.025902099907398224,0.022712362930178642
133,1372160,-0.044804416596889496,9.999999747378752e-05,0.009675392881035805,0.28125,0.10000000149011612,0.9144175052642822,-1.1667826175689697,-0.017205113545060158,0.009426049888134003
134,1382400,-0.04041793569922447,9.999999747378752e-05,0.009916768409311771,0.25634765625,0.10000000149011612,0.9156944155693054,-1.1771024465560913,-0.021622642874717712,0.015997719019651413
135,1392640,-0.053914617747068405,9.999999747378752e-05,0.01245016697794199,0.293701171875,0.10000000149011612,0.9519525170326233,-1.1842080354690552,-0.02409011870622635,0.008132493123412132
136,1402880,-0.061411477625370026,9.999999747378752e-05,0.00920323096215725,0.2861328125,0.10000000149011612,0.9730035066604614,-1.1100845336914062,-0.021108997985720634,0.00379787920974195
137,1413120,-0.05068447068333626,9.999999747378752e-05,0.009138991124927998,0.27587890625,0.10000000149011612,0.9770054221153259,-1.1779745817184448,-0.020712973549962044,0.0037013557739555836
138,1423360,-0.05009571835398674,9.999999747378752e-05,0.010506883263587952,0.285400390625,0.10000000149011612,0.9539718627929688,-1.1403124332427979,-0.019281715154647827,0.006836054380983114
139,1433600,-0.05296134948730469,9.999999747378752e-05,0.00974254123866558,0.31787109375,0.10000000149011612,0.9129005074501038,-1.2249717712402344,-0.018568741157650948,0.007909388281404972
140,1443840,-0.046820398420095444,9.999999747378752e-05,0.00892888754606247,0.288818359375,0.10000000149011612,0.9254834651947021,-1.2042756080627441,-0.020161759108304977,0.011324320919811726
141,1454080,-0.036286044865846634,9.999999747378752e-05,0.00937607791274786,0.253173828125,0.10000000149011612,0.9492261409759521,-1.169464111328125,-0.015684692189097404,0.004598238971084356
142,1464320,-0.03560800105333328,9.999999747378752e-05,0.008507532998919487,0.252197265625,0.10000000149011612,0.970613956451416,-1.156741738319397,-0.01946471445262432,0.005148366093635559
143,1474560,-0.04346013069152832,9.999999747378752e-05,0.008613040670752525,0.29296875,0.10000000149011612,0.9519006013870239,-1.184827208518982,-0.021174125373363495,0.009277833625674248
144,1484800,-0.03576018288731575,9.999999747378752e-05,0.011680985800921917,0.29541015625,0.10000000149011612,0.9577648639678955,-1.1847130060195923,-0.025039393454790115,0.012205644510686398
145,1495040,-0.0464744046330452,9.999999747378752e-05,0.012204023078083992,0.2978515625,0.10000000149011612,0.9615986347198486,-1.0297365188598633,-0.019645750522613525,0.003400583518669009
146,1505280,-0.034548163414001465,9.999999747378752e-05,0.012743690982460976,0.2734375,0.10000000149011612,0.9002963304519653,-1.0511515140533447,-0.01830352656543255,0.014583691023290157
147,1515520,-0.034575656056404114,9.999999747378752e-05,0.010779926553368568,0.281494140625,0.10000000149011612,0.9136743545532227,-1.078700304031372,-0.022865697741508484,0.017939692363142967
148,1525760,-0.04074243828654289,9.999999747378752e-05,0.009199833497405052,0.26416015625,0.10000000149011612,0.9702346324920654,-1.1216017007827759,-0.019449720159173012,0.002790326252579689
149,1536000,-0.030151430517435074,9.999999747378752e-05,0.012880568392574787,0.30029296875,0.10000000149011612,0.8430330753326416,-1.1224645376205444,-0.018766967579722404,0.019868819043040276
150,1546240,-0.05281011015176773,9.999999747378752e-05,0.008944552391767502,0.294921875,0.10000000149011612,0.943967342376709,-1.1139918565750122,-0.016853971406817436,0.004556267987936735
151,1556480,-0.04446328058838844,9.999999747378752e-05,0.011918358504772186,0.31103515625,0.10000000149011612,0.9590864181518555,-1.162744164466858,-0.02329181134700775,0.006230304948985577
152,1566720,-0.03324735537171364,9.999999747378752e-05,0.010624557733535767,0.275390625,0.10000000149011612,0.920390248298645,-1.1226353645324707,-0.015282399952411652,0.005651532206684351
153,1576960,-0.039347872138023376,9.999999747378752e-05,0.011277120560407639,0.2919921875,0.10000000149011612,0.9122133851051331,-1.1362637281417847,-0.02085382118821144,0.010066683404147625
154,1587200,-0.039047207683324814,9.999999747378752e-05,0.009214833378791809,0.266845703125,0.10000000149011612,0.8787494897842407,-1.2224500179290771,-0.022629888728260994,0.030587051063776016
155,1597440,-0.044489651918411255,9.999999747378752e-05,0.010656392201781273,0.287841796875,0.10000000149011612,0.954723060131073,-1.1008425951004028,-0.018148161470890045,0.009365755133330822
156,1607680,-0.062424708157777786,9.999999747378752e-05,0.009866820648312569,0.27294921875,0.10000000149011612,0.9614635705947876,-1.155027151107788,-0.020640699192881584,0.00725592952221632
157,1617920,-0.05070848762989044,9.999999747378752e-05,0.0088725034147501,0.281494140625,0.10000000149011612,0.9263507127761841,-1.2608556747436523,-0.01935678906738758,0.0269312746822834
158,1628160,-0.046196602284908295,9.999999747378752e-05,0.008818792179226875,0.251220703125,0.10000000149011612,0.9365983605384827,-1.1426610946655273,-0.019810503348708153,0.007822747342288494
159,1638400,-0.06631350517272949,9.999999747378752e-05,0.014423861168324947,0.334228515625,0.10000000149011612,0.9246029257774353,-1.2365666627883911,-0.026498788967728615,0.019489092752337456
160,1648640,-0.03153206408023834,9.999999747378752e-05,0.011277359910309315,0.30908203125,0.10000000149011612,0.9672462344169617,-1.1467535495758057,-0.022251877933740616,0.00483319815248251
161,1658880,-0.0415501669049263,9.999999747378752e-05,0.011516746133565903,0.322265625,0.10000000149011612,0.9530284404754639,-1.2007813453674316,-0.024174587801098824,0.01313820667564869
162,1669120,-0.040969766676425934,9.999999747378752e-05,0.015496892854571342,0.278564453125,0.10000000149011612,0.970456063747406,-1.0893874168395996,-0.021936122328042984,0.006545533426105976
163,1679360,-0.05176093801856041,9.999999747378752e-05,0.013150094076991081,0.30126953125,0.10000000149011612,0.9334897398948669,-1.075418472290039,-0.02232532575726509,0.009061125107109547
164,1689600,-0.05047303065657616,9.999999747378752e-05,0.010824069380760193,0.281494140625,0.10000000149011612,0.9141703248023987,-1.1171842813491821,-0.019218025729060173,0.015361342579126358
165,1699840,-0.030407370999455452,9.999999747378752e-05,0.008448878303170204,0.2626953125,0.10000000149011612,0.9373182058334351,-1.1202197074890137,-0.015822218731045723,0.007284803315997124
166,1710080,-0.030117318034172058,9.999999747378752e-05,0.010944396257400513,0.260498046875,0.10000000149011612,0.8845241069793701,-1.1295875310897827,-0.02019820362329483,0.01914886198937893
167,1720320,-0.043001726269721985,9.999999747378752e-05,0.011178756132721901,0.2763671875,0.10000000149011612,0.9626495838165283,-1.0538784265518188,-0.017543980851769447,0.004989939741790295
168,1730560,-0.046512193977832794,9.999999747378752e-05,0.01192158367484808,0.274658203125,0.10000000149011612,0.9383085370063782,-1.1420782804489136,-0.02318791300058365,0.01365260872989893
169,1740800,-0.05283403769135475,9.999999747378752e-05,0.01409437507390976,0.322021484375,0.10000000149011612,0.8835982084274292,-1.1137430667877197,-0.025384746491909027,0.01391464564949274
170,1751040,-0.058592263609170914,9.999999747378752e-05,0.013248387724161148,0.292236328125,0.10000000149011612,0.9340285062789917,-1.0893744230270386,-0.023406382650136948,0.013653500005602837
171,1761280,-0.04443180188536644,9.999999747378752e-05,0.011552676558494568,0.280517578125,0.10000000149011612,0.9240167140960693,-1.1337867975234985,-0.01992962509393692,0.013118433766067028
172,1771520,-0.0535956472158432,9.999999747378752e-05,0.014990127645432949,0.31201171875,0.10000000149011612,0.861540675163269,-1.1747560501098633,-0.02532026171684265,0.022873511537909508
173,1781760,-0.052601687610149384,9.999999747378752e-05,0.012318255379796028,0.297119140625,0.10000000149011612,0.9521175026893616,-1.1490596532821655,-0.025408711284399033,0.008700095117092133
174,1792000,-0.029334846884012222,9.999999747378752e-05,0.010072240605950356,0.2548828125,0.10000000149011612,0.9553423523902893,-1.0190863609313965,-0.016504919156432152,0.006733571644872427
175,1802240,-0.046661268919706345,9.999999747378752e-05,0.009837585501372814,0.295654296875,0.10000000149011612,0.8966115713119507,-1.1891697645187378,-0.022115929052233696,0.019782546907663345
176,1812480,-0.054098211228847504,9.999999747378752e-05,0.013182075694203377,0.317626953125,0.10000000149011612,0.960494339466095,-1.093008279800415,-0.023905649781227112,0.007083460688591003
177,1822720,-0.029491282999515533,9.999999747378752e-05,0.014282513409852982,0.2939453125,0.10000000149011612,0.9424602389335632,-1.0733850002288818,-0.018373094499111176,0.004057663958519697
178,1832960,-0.05102361738681793,9.999999747378752e-05,0.01032100711017847,0.271484375,0.10000000149011612,0.9418972134590149,-0.9517353177070618,-0.017627554014325142,0.006824865005910397
179,1843200,-0.03702554851770401,9.999999747378752e-05,0.014292635023593903,0.338623046875,0.10000000149011612,0.8090054392814636,-1.0815489292144775,-0.025890232995152473,0.030883856117725372
180,1853440,-0.0620514340698719,9.999999747378752e-05,0.01436463464051485,0.29296875,0.10000000149011612,0.9449682235717773,-1.0659173727035522,-0.022377396002411842,0.010609781369566917
181,1863680,-0.026509545743465424,9.999999747378752e-05,0.014201297424733639,0.304443359375,0.10000000149011612,0.9675254225730896,-1.0199565887451172,-0.022241078317165375,0.004623616114258766
182,1873920,-0.02719111181795597,9.999999747378752e-05,0.012432518415153027,0.27392578125,0.10000000149011612,0.9606580138206482,-1.0770050287246704,-0.020395414903759956,0.007303708232939243
183,1884160,-0.062467604875564575,9.999999747378752e-05,0.013279329985380173,0.290283203125,0.10000000149011612,0.9357974529266357,-1.0547469854354858,-0.023402830585837364,0.013328458182513714
184,1894400,-0.04924950376152992,9.999999747378752e-05,0.011410016566514969,0.280517578125,0.10000000149011612,0.9370823502540588,-1.0421143770217896,-0.015936970710754395,0.010195408016443253
185,1904640,-0.021168172359466553,9.999999747378752e-05,0.012374602258205414,0.271728515625,0.10000000149011612,0.8602107763290405,-1.0506824254989624,-0.02012164331972599,0.018213672563433647
186,1914880,-0.04088979586958885,9.999999747378752e-05,0.01447741873562336,0.30126953125,0.10000000149011612,0.9545688033103943,-1.0369396209716797,-0.021120809018611908,0.0062629166059195995
187,1925120,-0.040415700525045395,9.999999747378752e-05,0.015520522370934486,0.314453125,0.10000000149011612,0.8326488137245178,-1.0136553049087524,-0.024707313627004623,0.02243926003575325
188,1935360,-0.03467727079987526,9.999999747378752e-05,0.012757815420627594,0.2587890625,0.10000000149011612,0.9263976216316223,-1.0716990232467651,-0.02149125374853611,0.007833398878574371
189,1945600,-0.036858268082141876,9.999999747378752e-05,0.012572012841701508,0.296630859375,0.10000000149011612,0.8421343564987183,-1.0538108348846436,-0.019994525238871574,0.01397276297211647
190,1955840,-0.027995387092232704,9.999999747378752e-05,0.013985706493258476,0.26416015625,0.10000000149011612,0.8871539235115051,-0.9985306859016418,-0.017011698335409164,0.017917247489094734
191,1966080,-0.028593800961971283,9.999999747378752e-05,0.01644161157310009,0.302490234375,0.10000000149011612,0.9502781629562378,-0.9676764011383057,-0.021811481565237045,0.006275821011513472
192,1976320,-0.06091177091002464,9.999999747378752e-05,0.015998002141714096,0.306884765625,0.10000000149011612,0.94550621509552,-1.0717161893844604,-0.024698181077837944,0.010484023950994015
193,1986560,-0.048175640404224396,9.999999747378752e-05,0.013788835145533085,0.297119140625,0.10000000149011612,0.957046627998352,-1.0781131982803345,-0.02270028367638588,0.006943946238607168
194,1996800,-0.031187325716018677,9.999999747378752e-05,0.014683808200061321,0.309326171875,0.10000000149011612,0.9605127573013306,-1.071776270866394,-0.02316613495349884,0.006664283573627472
195,2007040,-0.05956593155860901,9.999999747378752e-05,0.012282714247703552,0.302490234375,0.10000000149011612,0.9669954776763916,-1.1292237043380737,-0.02402486465871334,0.005024069920182228
196,2017280,-0.041508547961711884,9.999999747378752e-05,0.014949632808566093,0.3369140625,0.10000000149011612,0.9285318851470947,-1.1129239797592163,-0.025532029569149017,0.013516110368072987
197,2027520,-0.04772515222430229,9.999999747378752e-05,0.013848158530890942,0.327880859375,0.10000000149011612,0.9513217806816101,-1.0816333293914795,-0.02490961365401745,0.00882099848240614
198,2037760,-0.053808413445949554,9.999999747378752e-05,0.016065172851085663,0.3076171875,0.10000000149011612,0.9413521885871887,-1.1311224699020386,-0.025081384927034378,0.007743708789348602
199,2048000,-0.050284840166568756,9.999999747378752e-05,0.01611163467168808,0.325439453125,0.10000000149011612,0.9207393527030945,-1.1049723625183105,-0.025104699656367302,0.011574454605579376
200,2058240,-0.037903912365436554,9.999999747378752e-05,0.014049941673874855,0.3193359375,0.10000000149011612,0.9161802530288696,-1.049708366394043,-0.020816616714000702,0.01142355427145958
201,2068480,-0.032177604734897614,9.999999747378752e-05,0.012499729171395302,0.26318359375,0.10000000149011612,0.8943169116973877,-1.0354009866714478,-0.017514273524284363,0.012120655737817287
202,2078720,-0.043544184416532516,9.999999747378752e-05,0.01786673069000244,0.306640625,0.10000000149011612,0.8890069723129272,-0.978034257888794,-0.022427646443247795,0.01900331862270832
203,2088960,-0.05420126020908356,9.999999747378752e-05,0.013395817950367928,0.28076171875,0.10000000149011612,0.9506758451461792,-0.9768440127372742,-0.022128134965896606,0.006853155326098204
204,2099200,-0.04746103659272194,9.999999747378752e-05,0.0141450772061944,0.3349609375,0.10000000149011612,0.8766297101974487,-1.0814517736434937,-0.02772967889904976,0.02210887521505356
205,2109440,-0.033070653676986694,9.999999747378752e-05,0.014685377478599548,0.294921875,0.10000000149011612,0.9497343897819519,-0.9927598834037781,-0.022301770746707916,0.007274417672306299
206,2119680,-0.04557153582572937,9.999999747378752e-05,0.01240853313356638,0.283447265625,0.10000000149011612,0.9204009175300598,-1.0197161436080933,-0.020361484959721565,0.01204471942037344
207,2129920,-0.04013949632644653,9.999999747378752e-05,0.013648731634020805,0.281982421875,0.10000000149011612,0.9538405537605286,-1.030358910560608,-0.019024748355150223,0.006442924961447716
208,2140160,-0.035232577472925186,9.999999747378752e-05,0.01371871866285801,0.31103515625,0.10000000149011612,0.9394466280937195,-1.0773991346359253,-0.020010733976960182,0.005667532328516245
209,2150400,-0.03253716230392456,9.999999747378752e-05,0.015566111542284489,0.3251953125,0.10000000149011612,0.9484453797340393,-1.0994499921798706,-0.02305384911596775,0.007942070253193378
210,2160640,-0.03447040915489197,9.999999747378752e-05,0.015159315429627895,0.301513671875,0.10000000149011612,0.950498104095459,-1.0001229047775269,-0.021244972944259644,0.004197569098323584
211,2170880,-0.043841950595378876,9.999999747378752e-05,0.014471178874373436,0.356689453125,0.10000000149011612,0.8558118343353271,-1.1566342115402222,-0.022396262735128403,0.013764466159045696
212,2181120,-0.042723823338747025,9.999999747378752e-05,0.013274628669023514,0.31982421875,0.10000000149011612,0.9372997283935547,-1.1312222480773926,-0.023457497358322144,0.006780121475458145
213,2191360,-0.043707847595214844,9.999999747378752e-05,0.018635673448443413,0.32763671875,0.10000000149011612,0.9291467070579529,-1.0736234188079834,-0.02240534871816635,0.010696303099393845
214,2201600,-0.043569959700107574,9.999999747378752e-05,0.011863663792610168,0.304931640625,0.10000000149011612,0.9610632658004761,-1.0325649976730347,-0.021727414801716805,0.0032496717758476734
215,2211840,-0.03516281023621559,9.999999747378752e-05,0.01578129082918167,0.314208984375,0.10000000149011612,0.9701140522956848,-0.9933978915214539,-0.022117095068097115,0.004490673542022705
216,2222080,-0.02039244771003723,9.999999747378752e-05,0.01965441182255745,0.307373046875,0.10000000149011612,0.8581730127334595,-1.0313411951065063,-0.019954070448875427,0.010101509280502796
217,2232320,-0.05785220488905907,9.999999747378752e-05,0.015519773587584496,0.341552734375,0.10000000149011612,0.8707644939422607,-1.1109408140182495,-0.026269908994436264,0.01416042074561119
218,2242560,-0.024196386337280273,9.999999747378752e-05,0.01665540039539337,0.31201171875,0.10000000149011612,0.8831439018249512,-0.9801061153411865,-0.022122379392385483,0.011972518637776375
219,2252800,-0.0366809107363224,9.999999747378752e-05,0.015664100646972656,0.328369140625,0.10000000149011612,0.9239518046379089,-1.0087251663208008,-0.02697850950062275,0.01061246357858181
220,2263040,-0.041638731956481934,9.999999747378752e-05,0.017468316480517387,0.325439453125,0.10000000149011612,0.9545334577560425,-1.034696340560913,-0.024842992424964905,0.006421651691198349
221,2273280,-0.051272083073854446,9.999999747378752e-05,0.012721942737698555,0.3173828125,0.10000000149011612,0.9679111242294312,-1.0202269554138184,-0.02499738708138466,0.004909157752990723
222,2283520,-0.018536876887083054,9.999999747378752e-05,0.016934949904680252,0.33203125,0.10000000149011612,0.9073876738548279,-1.0313305854797363,-0.020580118522047997,0.011051231995224953
223,2293760,-0.04823166877031326,9.999999747378752e-05,0.013541903346776962,0.327392578125,0.10000000149011612,0.9707152247428894,-1.0578691959381104,-0.01972982846200466,0.0038741654716432095
224,2304000,-0.03688753396272659,9.999999747378752e-05,0.01401259284466505,0.3134765625,0.10000000149011612,0.8651083111763,-1.0740524530410767,-0.0211175587028265,0.015885720029473305
225,2314240,-0.05702659860253334,9.999999747378752e-05,0.01462503056973219,0.33349609375,0.10000000149011612,0.977018415927887,-1.087271809577942,-0.026229972019791603,0.0041616568341851234
226,2324480,-0.044389694929122925,9.999999747378752e-05,0.014888607896864414,0.314208984375,0.10000000149011612,0.9798330664634705,-0.9580094218254089,-0.02055838517844677,0.003070521866902709
227,2334720,-0.027272067964076996,9.999999747378752e-05,0.011160271242260933,0.298583984375,0.10000000149011612,0.8358067274093628,-1.0327668190002441,-0.01741405762732029,0.010813803412020206
228,2344960,-0.05335506051778793,9.999999747378752e-05,0.015339430421590805,0.279052734375,0.10000000149011612,0.9747350215911865,-0.9610503911972046,-0.02228214591741562,0.005913210567086935
229,2355200,-0.05093982443213463,9.999999747378752e-05,0.014897976070642471,0.31884765625,0.10000000149011612,0.9449800848960876,-1.1175734996795654,-0.02357967384159565,0.007196413818746805
230,2365440,-0.03792770579457283,9.999999747378752e-05,0.01488669402897358,0.321044921875,0.10000000149011612,0.9360814094543457,-1.0539270639419556,-0.020167110487818718,0.005847810767591
231,2375680,-0.03885874152183533,9.999999747378752e-05,0.012457757256925106,0.273193359375,0.10000000149011612,0.9643985033035278,-1.0357184410095215,-0.019233331084251404,0.00386392162181437
232,2385920,-0.030569635331630707,9.999999747378752e-05,0.015322210267186165,0.287353515625,0.10000000149011612,0.947666347026825,-1.0442215204238892,-0.0207789596170187,0.008417022414505482
233,2396160,-0.015485629439353943,9.999999747378752e-05,0.014080168679356575,0.27099609375,0.10000000149011612,0.8985269665718079,-1.0365121364593506,-0.02142851985991001,0.0110614113509655
234,2406400,-0.040221866220235825,9.999999747378752e-05,0.015286622568964958,0.29541015625,0.10000000149011612,0.9655435085296631,-1.049371600151062,-0.022358490154147148,0.006989925634115934
235,2416640,-0.038077838718891144,9.999999747378752e-05,0.014475248754024506,0.30078125,0.10000000149011612,0.9388395547866821,-1.0848065614700317,-0.023587023839354515,0.011223931796848774
236,2426880,-0.039780259132385254,9.999999747378752e-05,0.014206507243216038,0.329833984375,0.10000000149011612,0.8710472583770752,-1.1949352025985718,-0.022774985060095787,0.013425739482045174
237,2437120,-0.05682555213570595,9.999999747378752e-05,0.01565258577466011,0.3017578125,0.10000000149011612,0.9266536831855774,-1.0275055170059204,-0.02533622272312641,0.015607401728630066
238,2447360,-0.03655169904232025,9.999999747378752e-05,0.012772172689437866,0.27880859375,0.10000000149011612,0.918829619884491,-1.0519826412200928,-0.022797776386141777,0.007155742030590773
239,2457600,-0.06827189028263092,9.999999747378752e-05,0.015251755714416504,0.305419921875,0.10000000149011612,0.9145082235336304,-1.0386053323745728,-0.0245432760566473,0.013133236207067966
240,2467840,-0.05057111382484436,9.999999747378752e-05,0.01702798530459404,0.302734375,0.10000000149011612,0.9512370228767395,-1.0253734588623047,-0.02304937317967415,0.005402717273682356
241,2478080,-0.042021844536066055,9.999999747378752e-05,0.012858917936682701,0.27734375,0.10000000149011612,0.923488974571228,-1.0297590494155884,-0.01717931590974331,0.006052665412425995
242,2488320,-0.05661389231681824,9.999999747378752e-05,0.017192712053656578,0.33349609375,0.10000000149011612,0.8887332677841187,-1.0511285066604614,-0.02602660097181797,0.017258791252970695
243,2498560,-0.04516182839870453,9.999999747378752e-05,0.013003959320485592,0.2880859375,0.10000000149011612,0.9686676859855652,-1.0901525020599365,-0.021155331283807755,0.004782136995345354
244,2508800,-0.05739584565162659,9.999999747378752e-05,0.01364221703261137,0.310546875,0.10000000149011612,0.9475254416465759,-1.050858497619629,-0.024183029308915138,0.00616448326036334
245,2519040,-0.03453689441084862,9.999999747378752e-05,0.017059504985809326,0.29931640625,0.10000000149011612,0.9601659178733826,-0.9979701042175293,-0.02169078215956688,0.006464825943112373
246,2529280,-0.038391899317502975,9.999999747378752e-05,0.0144357206299901,0.277587890625,0.10000000149011612,0.8704600930213928,-1.0587490797042847,-0.01765425130724907,0.012216783128678799
247,2539520,-0.05419139564037323,9.999999747378752e-05,0.015113990753889084,0.3046875,0.10000000149011612,0.9402322173118591,-1.1073704957962036,-0.024032339453697205,0.004187526647001505
248,2549760,-0.029937036335468292,9.999999747378752e-05,0.01811530813574791,0.33203125,0.10000000149011612,0.9629846811294556,-1.0358740091323853,-0.025027161464095116,0.005135983228683472
249,2560000,-0.0550941526889801,9.999999747378752e-05,0.017527058720588684,0.3017578125,0.10000000149011612,0.9578298330307007,-1.1042615175247192,-0.024681897833943367,0.004931395873427391
250,2570240,-0.04906228184700012,9.999999747378752e-05,0.012238796800374985,0.283935546875,0.10000000149011612,0.9305052757263184,-0.9985768795013428,-0.018773481249809265,0.006037110462784767
251,2580480,-0.05540052801370621,9.999999747378752e-05,0.02088651806116104,0.301025390625,0.10000000149011612,0.9190613627433777,-1.072524905204773,-0.020697573199868202,0.015707865357398987
252,2590720,-0.05020822212100029,9.999999747378752e-05,0.020290441811084747,0.31103515625,0.10000000149011612,0.921970784664154,-1.0159987211227417,-0.023810958489775658,0.010252188891172409
253,2600960,-0.046436913311481476,9.999999747378752e-05,0.01887272670865059,0.3359375,0.10000000149011612,0.8920738697052002,-0.9315829277038574,-0.02297472022473812,0.012228211387991905
254,2611200,-0.07173722982406616,9.999999747378752e-05,0.017751503735780716,0.334228515625,0.10000000149011612,0.9594704508781433,-1.0309152603149414,-0.025557391345500946,0.007650499697774649
255,2621440,-0.06372381001710892,9.999999747378752e-05,0.025534121319651604,0.342529296875,0.10000000149011612,0.9351527094841003,-1.0187478065490723,-0.028015632182359695,0.015970870852470398
256,2631680,-0.047541309148073196,9.999999747378752e-05,0.01949549838900566,0.306640625,0.10000000149011612,0.9368694424629211,-0.960182785987854,-0.024793164804577827,0.012029164470732212
257,2641920,-0.04621199890971184,9.999999747378752e-05,0.017609715461730957,0.328125,0.10000000149011612,0.9382471442222595,-1.0607630014419556,-0.025402327999472618,0.02707953192293644
258,2652160,-0.05217557027935982,9.999999747378752e-05,0.022411338984966278,0.346435546875,0.10000000149011612,0.9523307681083679,-1.0714095830917358,-0.026754597201943398,0.012721039354801178
259,2662400,-0.04599623382091522,9.999999747378752e-05,0.021032530814409256,0.30078125,0.10000000149011612,0.9690995216369629,-0.9787197709083557,-0.0217408649623394,0.006664343178272247
260,2672640,-0.030752010643482208,9.999999747378752e-05,0.020769726485013962,0.306640625,0.10000000149011612,0.9330340027809143,-0.9144769906997681,-0.02130616083741188,0.016536442562937737
261,2682880,-0.0509866364300251,9.999999747378752e-05,0.0215092021971941,0.341796875,0.10000000149011612,0.872705340385437,-0.952462375164032,-0.02521592192351818,0.020107394084334373
262,2693120,-0.05474822223186493,9.999999747378752e-05,0.018076352775096893,0.3046875,0.10000000149011612,0.9369500279426575,-0.9332495927810669,-0.022008581086993217,0.00927662942558527
263,2703360,-0.0186713095754385,9.999999747378752e-05,0.02280193381011486,0.322265625,0.10000000149011612,0.8828279376029968,-0.9355643391609192,-0.02146141231060028,0.016419941559433937
264,2713600,-0.04716142266988754,9.999999747378752e-05,0.019312452524900436,0.296142578125,0.10000000149011612,0.9454574584960938,-0.9382030963897705,-0.01888948865234852,0.007976201362907887
265,2723840,-0.06336051225662231,9.999999747378752e-05,0.018316790461540222,0.333740234375,0.10000000149011612,0.9441410303115845,-1.0321606397628784,-0.023283766582608223,0.007785554975271225
266,2734080,-0.03649434074759483,9.999999747378752e-05,0.018023986369371414,0.31201171875,0.10000000149011612,0.9419090151786804,-0.9813093543052673,-0.02240907959640026,0.00860297679901123
267,2744320,-0.049658145755529404,9.999999747378752e-05,0.016587834805250168,0.3271484375,0.10000000149011612,0.9723756313323975,-0.956019401550293,-0.024993043392896652,0.004445953294634819
268,2754560,-0.017671361565589905,9.999999747378752e-05,0.01922888122498989,0.302490234375,0.10000000149011612,0.8500559329986572,-0.9846017956733704,-0.020023126155138016,0.013285097666084766
269,2764800,-0.061337195336818695,9.999999747378752e-05,0.018744437023997307,0.33251953125,0.10000000149011612,0.93730628490448,-1.0198317766189575,-0.023967424407601357,0.011623594909906387
270,2775040,-0.03735716640949249,9.999999747378752e-05,0.022124357521533966,0.317138671875,0.10000000149011612,0.8928720951080322,-0.9578259587287903,-0.023030109703540802,0.020136816427111626
271,2785280,-0.04924884811043739,9.999999747378752e-05,0.02187969535589218,0.31982421875,0.10000000149011612,0.9353123307228088,-0.9554694890975952,-0.024769550189375877,0.013644899241626263
272,2795520,-0.0438963882625103,9.999999747378752e-05,0.018510043621063232,0.308349609375,0.10000000149011612,0.9145324230194092,-0.9641814827919006,-0.02172812819480896,0.015821659937500954
273,2805760,-0.034980062395334244,9.999999747378752e-05,0.02369685284793377,0.310791015625,0.10000000149011612,0.9207547903060913,-0.8075993657112122,-0.0203807782381773,0.014300652779638767
274,2816000,-0.02466714009642601,9.999999747378752e-05,0.018651165068149567,0.289794921875,0.10000000149011612,0.9417616724967957,-0.8473055958747864,-0.016606682911515236,0.010593405924737453
275,2826240,-0.0395192876458168,9.999999747378752e-05,0.017891522496938705,0.2724609375,0.10000000149011612,0.8529309034347534,-0.9374205470085144,-0.01804656907916069,0.022630011662840843
276,2836480,-0.051365822553634644,9.999999747378752e-05,0.018056396394968033,0.25830078125,0.10000000149011612,0.9497631788253784,-0.7722043395042419,-0.021868309006094933,0.009520942345261574
277,2846720,-0.03255266323685646,9.999999747378752e-05,0.02196555584669113,0.29052734375,0.10000000149011612,0.9369166493415833,-0.8040999174118042,-0.021407093852758408,0.012524424120783806
278,2856960,-0.038577187806367874,9.999999747378752e-05,0.019771963357925415,0.322509765625,0.10000000149011612,0.9004679918289185,-0.8864158391952515,-0.0229704137891531,0.008697629906237125
279,2867200,-0.03482777625322342,9.999999747378752e-05,0.01971912384033203,0.304443359375,0.10000000149011612,0.9226134419441223,-0.9078068137168884,-0.02076188661158085,0.009503217414021492
280,2877440,-0.04879528656601906,9.999999747378752e-05,0.019980326294898987,0.334228515625,0.10000000149011612,0.8588001728057861,-1.0068740844726562,-0.022064803168177605,0.017787206918001175
281,2887680,-0.0380261205136776,9.999999747378752e-05,0.019507024437189102,0.297119140625,0.10000000149011612,0.9095932245254517,-0.8941866755485535,-0.0231068953871727,0.014326418749988079
282,2897920,-0.042928390204906464,9.999999747378752e-05,0.01751430332660675,0.321044921875,0.10000000149011612,0.9046833515167236,-1.0033389329910278,-0.023974481970071793,0.01326858252286911
283,2908160,-0.03529086336493492,9.999999747378752e-05,0.022371048107743263,0.3271484375,0.10000000149011612,0.9712842106819153,-0.911745011806488,-0.023462865501642227,0.005920614581555128
284,2918400,-0.050590403378009796,9.999999747378752e-05,0.017126742750406265,0.309814453125,0.10000000149011612,0.8986234664916992,-0.9611169695854187,-0.023690342903137207,0.01708211749792099
285,2928640,-0.05324354022741318,9.999999747378752e-05,0.020669301971793175,0.31005859375,0.10000000149011612,0.9306259155273438,-0.8267014622688293,-0.02165462076663971,0.013447562232613564
286,2938880,-0.03682180494070053,9.999999747378752e-05,0.022400084882974625,0.292236328125,0.10000000149011612,0.9595925807952881,-0.771429717540741,-0.019157234579324722,0.011563492938876152
287,2949120,-0.026777157559990883,9.999999747378752e-05,0.019133534282445908,0.328369140625,0.10000000149011612,0.9457366466522217,-0.8896176218986511,-0.020445816218852997,0.0047411611303687096
288,2959360,-0.02567962184548378,9.999999747378752e-05,0.016717152670025826,0.294677734375,0.10000000149011612,0.9691323637962341,-0.9193748235702515,-0.0210207998752594,0.004871799610555172
289,2969600,-0.06257787346839905,9.999999747378752e-05,0.018798217177391052,0.31103515625,0.10000000149011612,0.9755185842514038,-0.9341169595718384,-0.02429477870464325,0.004497876390814781
290,2979840,-0.04198160022497177,9.999999747378752e-05,0.01786789856851101,0.28662109375,0.10000000149011612,0.9034147262573242,-0.9094281792640686,-0.021579263731837273,0.013295859098434448
291,2990080,-0.05084126442670822,9.999999747378752e-05,0.01337390299886465,0.299560546875,0.10000000149011612,0.9630879163742065,-0.9554822444915771,-0.022938242182135582,0.003916826099157333
292,3000320,-0.025058787316083908,9.999999747378752e-05,0.017073575407266617,0.304443359375,0.10000000149011612,0.9358078241348267,-0.9713685512542725,-0.02135832980275154,0.009378435090184212
293,3010560,-0.029722411185503006,9.999999747378752e-05,0.018449077382683754,0.282958984375,0.10000000149011612,0.9566180109977722,-1.0210901498794556,-0.02149961329996586,0.005333153065294027
294,3020800,-0.04463009536266327,9.999999747378752e-05,0.01954091340303421,0.30322265625,0.10000000149011612,0.9347255825996399,-0.9355965256690979,-0.022478871047496796,0.007108788937330246
295,3031040,-0.04535907879471779,9.999999747378752e-05,0.02167467772960663,0.3251953125,0.10000000149011612,0.9333598613739014,-0.9259032607078552,-0.021996090188622475,0.008618311025202274
296,3041280,-0.049862220883369446,9.999999747378752e-05,0.017487846314907074,0.281982421875,0.10000000149011612,0.9070612788200378,-0.9730591773986816,-0.02091328613460064,0.013068079017102718
297,3051520,-0.05012072995305061,9.999999747378752e-05,0.023687297478318214,0.309814453125,0.10000000149011612,0.9208016395568848,-0.9618136286735535,-0.025132078677415848,0.010597707703709602
298,3061760,-0.0474519282579422,9.999999747378752e-05,0.017279762774705887,0.3095703125,0.10000000149011612,0.9425432682037354,-0.9285959005355835,-0.022691253572702408,0.007424816954880953
299,3072000,-0.025746770203113556,9.999999747378752e-05,0.012748070992529392,0.2568359375,0.10000000149011612,0.9608944654464722,-0.9603288769721985,-0.020406940951943398,0.0031083005014806986
300,3082240,-0.04466783627867699,9.999999747378752e-05,0.015700794756412506,0.2978515625,0.10000000149011612,0.9411618113517761,-0.9654226303100586,-0.0225547943264246,0.006973826326429844
301,3092480,-0.050396934151649475,9.999999747378752e-05,0.01544121652841568,0.289306640625,0.10000000149011612,0.8996042013168335,-0.9912739396095276,-0.019345581531524658,0.016180871054530144
302,3102720,-0.04997453838586807,9.999999747378752e-05,0.014267373830080032,0.29736328125,0.10000000149011612,0.9327259659767151,-0.8628367781639099,-0.021682793274521828,0.007302491459995508
303,3112960,-0.03260863944888115,9.999999747378752e-05,0.019737113267183304,0.31005859375,0.10000000149011612,0.9019107818603516,-0.8848685026168823,-0.022295096889138222,0.016939768567681313
304,3123200,-0.039336517453193665,9.999999747378752e-05,0.01574297808110714,0.290283203125,0.10000000149011612,0.9454887509346008,-0.9960495233535767,-0.022044269368052483,0.008483406156301498
305,3133440,-0.029497798532247543,9.999999747378752e-05,0.021338801831007004,0.31884765625,0.10000000149011612,0.8528151512145996,-0.9545532464981079,-0.020841430872678757,0.02460072562098503
306,3143680,-0.027796322479844093,9.999999747378752e-05,0.01853950321674347,0.310546875,0.10000000149011612,0.937829315662384,-0.9297082424163818,-0.022795720025897026,0.00532556651160121
307,3153920,-0.03271245211362839,9.999999747378752e-05,0.016003068536520004,0.278076171875,0.10000000149011612,0.9145681858062744,-0.9095403552055359,-0.021078072488307953,0.006576532032340765
308,3164160,-0.04479948431253433,9.999999747378752e-05,0.017622515559196472,0.299072265625,0.10000000149011612,0.9509348273277283,-0.9288387298583984,-0.021636979654431343,0.005773186217993498
309,3174400,-0.034130632877349854,9.999999747378752e-05,0.021789416670799255,0.291748046875,0.10000000149011612,0.877400815486908,-0.8697057962417603,-0.01967565342783928,0.017602793872356415
310,3184640,-0.028620965778827667,9.999999747378752e-05,0.01908578723669052,0.302490234375,0.10000000149011612,0.9145603179931641,-0.846472442150116,-0.020395483821630478,0.009567215107381344
311,3194880,-0.04495788365602493,9.999999747378752e-05,0.018212657421827316,0.2958984375,0.10000000149011612,0.9260445237159729,-0.9478350281715393,-0.020632993429899216,0.009359989315271378
312,3205120,-0.04206486791372299,9.999999747378752e-05,0.020623892545700073,0.312744140625,0.10000000149011612,0.8102650046348572,-0.9863525629043579,-0.01989947259426117,0.025869078934192657
313,3215360,-0.04976789653301239,9.999999747378752e-05,0.020283058285713196,0.333984375,0.10000000149011612,0.9226214289665222,-1.0683937072753906,-0.0252134557813406,0.010047576390206814
314,3225600,-0.046935226768255234,9.999999747378752e-05,0.01814350113272667,0.275634765625,0.10000000149011612,0.8852303624153137,-0.9017009735107422,-0.018766110762953758,0.018614742904901505
315,3235840,-0.01627020724117756,9.999999747378752e-05,0.02263445034623146,0.291015625,0.10000000149011612,0.9195535182952881,-0.9337322115898132,-0.01850624568760395,0.011302308179438114
316,3246080,-0.030051108449697495,9.999999747378752e-05,0.019012918695807457,0.30859375,0.10000000149011612,0.8959152698516846,-1.002268671989441,-0.02197040244936943,0.019799552857875824
317,3256320,-0.0162780974060297,9.999999747378752e-05,0.016590695828199387,0.280029296875,0.10000000149011612,0.9257317185401917,-0.8195851445198059,-0.015075371600687504,0.007204337976872921
318,3266560,-0.03481264412403107,9.999999747378752e-05,0.022454535588622093,0.3310546875,0.10000000149011612,0.8837296366691589,-0.884554386138916,-0.023648155853152275,0.015197888016700745
319,3276800,-0.03627587854862213,9.999999747378752e-05,0.01705389842391014,0.305419921875,0.10000000149011612,0.941278338432312,-0.9219733476638794,-0.021677376702427864,0.007054173853248358
320,3287040,-0.05933493375778198,9.999999747378752e-05,0.018931670114398003,0.32177734375,0.10000000149011612,0.8913192749023438,-0.9979263544082642,-0.024397606030106544,0.014143917709589005
321,3297280,-0.03199995681643486,9.999999747378752e-05,0.01991145871579647,0.280517578125,0.10000000149011612,0.8888741135597229,-0.8605888485908508,-0.020076299086213112,0.011492216028273106
322,3307520,-0.03492747247219086,9.999999747378752e-05,0.02219894342124462,0.31884765625,0.10000000149011612,0.8966816067695618,-0.9669482707977295,-0.02326527237892151,0.01326192356646061
323,3317760,-0.055995672941207886,9.999999747378752e-05,0.019588429480791092,0.3046875,0.10000000149011612,0.9425320625305176,-0.9002087712287903,-0.022412791848182678,0.013650745153427124
324,3328000,-0.04928061366081238,9.999999747378752e-05,0.022055599838495255,0.328369140625,0.10000000149011612,0.950133204460144,-0.964316725730896,-0.02170015126466751,0.0057098777033388615
325,3338240,-0.03863418102264404,9.999999747378752e-05,0.02085641399025917,0.293701171875,0.10000000149011612,0.9312007427215576,-0.9668983817100525,-0.012870424427092075,0.008598875254392624
326,3348480,-0.03389081358909607,9.999999747378752e-05,0.018460677936673164,0.29541015625,0.10000000149011612,0.9465539455413818,-0.8826333284378052,-0.018278375267982483,0.004072379786521196
327,3358720,-0.06346132606267929,9.999999747378752e-05,0.017602350562810898,0.298095703125,0.10000000149011612,0.8742245435714722,-0.9464319944381714,-0.021567098796367645,0.01468479260802269
328,3368960,-0.029291309416294098,9.999999747378752e-05,0.020607808604836464,0.306396484375,0.10000000149011612,0.930229902267456,-0.9337295889854431,-0.021051820367574692,0.01241926196962595
329,3379200,-0.04255693033337593,9.999999747378752e-05,0.02705128863453865,0.314697265625,0.10000000149011612,0.9275537133216858,-0.8473795056343079,-0.018783073872327805,0.007043201941996813
330,3389440,-0.05260865017771721,9.999999747378752e-05,0.01633124053478241,0.295654296875,0.10000000149011612,0.9465745091438293,-0.9044042229652405,-0.020726850256323814,0.004945665132254362
331,3399680,-0.046796947717666626,9.999999747378752e-05,0.02191915549337864,0.3154296875,0.10000000149011612,0.9395772218704224,-1.0093878507614136,-0.021901078522205353,0.010724876075983047
332,3409920,-0.04572036862373352,9.999999747378752e-05,0.018759801983833313,0.32666015625,0.10000000149011612,0.8677554130554199,-0.9700395464897156,-0.02228131704032421,0.01649872213602066
333,3420160,-0.05253259092569351,9.999999747378752e-05,0.020120080560445786,0.330078125,0.10000000149011612,0.9485999941825867,-1.097093939781189,-0.025776224210858345,0.0060438369400799274
334,3430400,-0.03760862350463867,9.999999747378752e-05,0.021303098648786545,0.292724609375,0.10000000149011612,0.9073010683059692,-1.0493344068527222,-0.025010785087943077,0.007817788049578667
335,3440640,-0.048057228326797485,9.999999747378752e-05,0.023682713508605957,0.291259765625,0.10000000149011612,0.9082419276237488,-0.9503511786460876,-0.02131955698132515,0.016943050548434258
336,3450880,-0.054010793566703796,9.999999747378752e-05,0.02271314151585102,0.323486328125,0.10000000149011612,0.807640552520752,-0.9893252849578857,-0.019872277975082397,0.01591000333428383
337,3461120,-0.0499730110168457,9.999999747378752e-05,0.020386654883623123,0.32470703125,0.10000000149011612,0.9643583297729492,-0.9428396224975586,-0.023614006116986275,0.005807200446724892
338,3471360,-0.044487178325653076,9.999999747378752e-05,0.01678318716585636,0.301025390625,0.10000000149011612,0.8354012966156006,-1.1017576456069946,-0.019849902018904686,0.03357014060020447
339,3481600,-0.029811428859829903,9.999999747378752e-05,0.02376963384449482,0.317626953125,0.10000000149011612,0.8531674146652222,-0.9669138789176941,-0.02223965898156166,0.023173483088612556
340,3491840,-0.04808264598250389,9.999999747378752e-05,0.020433597266674042,0.32275390625,0.10000000149011612,0.9142743349075317,-1.0083550214767456,-0.021763630211353302,0.00937868095934391
341,3502080,-0.03926797956228256,9.999999747378752e-05,0.022317590191960335,0.30908203125,0.10000000149011612,0.8819457292556763,-1.0176401138305664,-0.02027577906847,0.010880531743168831
342,3512320,-0.034275781363248825,9.999999747378752e-05,0.02039557695388794,0.294677734375,0.10000000149011612,0.9135903120040894,-0.9163039326667786,-0.02000652439892292,0.008243745192885399
343,3522560,-0.05055364966392517,9.999999747378752e-05,0.019230734556913376,0.311767578125,0.10000000149011612,0.9654892683029175,-0.8766413331031799,-0.021878913044929504,0.0029818876646459103
344,3532800,-0.0470440611243248,9.999999747378752e-05,0.0260455459356308,0.32275390625,0.10000000149011612,0.9465436935424805,-0.8794257640838623,-0.02157292515039444,0.007868528366088867
345,3543040,-0.053866539150476456,9.999999747378752e-05,0.019271574914455414,0.30322265625,0.10000000149011612,0.958175003528595,-0.9732782244682312,-0.02320527657866478,0.007250471506267786
346,3553280,-0.03473590314388275,9.999999747378752e-05,0.017835509032011032,0.292724609375,0.10000000149011612,0.9205478429794312,-0.9329780340194702,-0.017847886309027672,0.00830319244414568
347,3563520,-0.058313485234975815,9.999999747378752e-05,0.02415919490158558,0.330810546875,0.10000000149011612,0.9527371525764465,-0.9548131227493286,-0.022967757657170296,0.004839596338570118
348,3573760,-0.030759241431951523,9.999999747378752e-05,0.016841813921928406,0.27197265625,0.10000000149011612,0.9687508940696716,-0.9141559600830078,-0.018044235184788704,0.002718466566875577
349,3584000,-0.04509405046701431,9.999999747378752e-05,0.019082963466644287,0.3291015625,0.10000000149011612,0.9497149586677551,-1.026686668395996,-0.024206310510635376,0.009822852909564972
350,3594240,-0.03322615846991539,9.999999747378752e-05,0.017009437084197998,0.287109375,0.10000000149011612,0.876503050327301,-1.0538088083267212,-0.022884324193000793,0.014813849702477455
351,3604480,-0.04370560869574547,9.999999747378752e-05,0.021427826955914497,0.326171875,0.10000000149011612,0.9347535967826843,-0.9871881008148193,-0.02135196328163147,0.005951326806098223
352,3614720,-0.04466216638684273,9.999999747378752e-05,0.022048605605959892,0.291015625,0.10000000149011612,0.9460920691490173,-0.8582563996315002,-0.021064545959234238,0.006414801348000765
353,3624960,-0.0436522476375103,9.999999747378752e-05,0.020428933203220367,0.313232421875,0.10000000149011612,0.8100000023841858,-0.9942235350608826,-0.02143234573304653,0.01745268888771534
354,3635200,-0.055080920457839966,9.999999747378752e-05,0.021942321211099625,0.3486328125,0.10000000149011612,0.9484268426895142,-0.9376744031906128,-0.024347374215722084,0.005531465169042349
355,3645440,-0.03977211192250252,9.999999747378752e-05,0.023028923198580742,0.3056640625,0.10000000149011612,0.9050711989402771,-0.8260520100593567,-0.020405439659953117,0.014243023470044136
356,3655680,-0.04464002326130867,9.999999747378752e-05,0.02764575183391571,0.28173828125,0.10000000149011612,0.8947587013244629,-0.8659274578094482,-0.01637793332338333,0.0158600565046072
357,3665920,-0.057293519377708435,9.999999747378752e-05,0.02452835999429226,0.309326171875,0.10000000149011612,0.9233602285385132,-0.8997553586959839,-0.020889293402433395,0.019171278923749924
358,3676160,-0.04907306656241417,9.999999747378752e-05,0.02226540818810463,0.313720703125,0.10000000149011612,0.9684697985649109,-0.9187414646148682,-0.023313794285058975,0.0054505812004208565
359,3686400,-0.0367765799164772,9.999999747378752e-05,0.027447642758488655,0.31689453125,0.10000000149011612,0.9137321710586548,-0.9379667639732361,-0.02058849297463894,0.012607607059180737
360,3696640,-0.05465094745159149,9.999999747378752e-05,0.019797472283244133,0.3330078125,0.10000000149011612,0.9358281493186951,-1.0034512281417847,-0.021009115502238274,0.008505932986736298
361,3706880,-0.04786726459860802,9.999999747378752e-05,0.02156885154545307,0.307861328125,0.10000000149011612,0.9144389033317566,-0.9078254103660583,-0.021145837381482124,0.013558530248701572
362,3717120,-0.058104656636714935,9.999999747378752e-05,0.019661568105220795,0.30810546875,0.10000000149011612,0.9350025653839111,-0.9773702621459961,-0.019998565316200256,0.012597561813890934
363,3727360,-0.029158692806959152,9.999999747378752e-05,0.025599686428904533,0.305908203125,0.10000000149011612,0.9269319176673889,-0.9683522582054138,-0.021739639341831207,0.009546491317451
364,3737600,-0.028002876788377762,9.999999747378752e-05,0.024766817688941956,0.31640625,0.10000000149011612,0.9091788530349731,-0.9502930045127869,-0.02252720668911934,0.009961331263184547
365,3747840,-0.03974304348230362,9.999999747378752e-05,0.021195027977228165,0.285888671875,0.10000000149011612,0.9507845640182495,-0.7880894541740417,-0.01966896653175354,0.004473827313631773
366,3758080,-0.0340549498796463,9.999999747378752e-05,0.018504414707422256,0.322998046875,0.10000000149011612,0.9491578936576843,-0.9602525234222412,-0.023306328803300858,0.004089641850441694
367,3768320,-0.04118990898132324,9.999999747378752e-05,0.022136088460683823,0.30859375,0.10000000149011612,0.8996981978416443,-1.015331745147705,-0.024504149332642555,0.010993363335728645
368,3778560,-0.0554237961769104,9.999999747378752e-05,0.02229158580303192,0.3125,0.10000000149011612,0.9046958088874817,-1.021418809890747,-0.02259010076522827,0.010428644716739655
369,3788800,-0.046835459768772125,9.999999747378752e-05,0.018790531903505325,0.324462890625,0.10000000149011612,0.9415447115898132,-0.9887952208518982,-0.02389276959002018,0.006711340509355068
370,3799040,-0.057954590767621994,9.999999747378752e-05,0.02150885947048664,0.316650390625,0.10000000149011612,0.9548547267913818,-0.9054438471794128,-0.024781476706266403,0.004177841357886791
371,3809280,-0.040215130895376205,9.999999747378752e-05,0.023664329200983047,0.32275390625,0.10000000149011612,0.9295270442962646,-0.9294798374176025,-0.020461421459913254,0.006913343444466591
372,3819520,-0.04532371461391449,9.999999747378752e-05,0.023646056652069092,0.319091796875,0.10000000149011612,0.9563159942626953,-0.8531345725059509,-0.02182074636220932,0.003659716574475169
373,3829760,-0.039852943271398544,9.999999747378752e-05,0.023241516202688217,0.287841796875,0.10000000149011612,0.9519220590591431,-0.8424779772758484,-0.020633945241570473,0.005785257555544376
374,3840000,-0.03885135427117348,9.999999747378752e-05,0.021979384124279022,0.30908203125,0.10000000149011612,0.9848666191101074,-0.8564258813858032,-0.02285664714872837,0.0022285552695393562
375,3850240,-0.05484332516789436,9.999999747378752e-05,0.027814142405986786,0.28857421875,0.10000000149011612,0.9001635313034058,-0.8767723441123962,-0.019323285669088364,0.011730765923857689
376,3860480,-0.0473802350461483,9.999999747378752e-05,0.019461659714579582,0.30712890625,0.10000000149011612,0.9380244016647339,-0.9837509393692017,-0.023820938542485237,0.006839870475232601
377,3870720,-0.04235140606760979,9.999999747378752e-05,0.023446394130587578,0.33544921875,0.10000000149011612,0.9555779695510864,-0.9184841513633728,-0.024309080094099045,0.004032752942293882
378,3880960,-0.049169935286045074,9.999999747378752e-05,0.022869983687996864,0.303955078125,0.10000000149011612,0.9501461982727051,-0.9611588716506958,-0.022908564656972885,0.006447018124163151
379,3891200,-0.053960081189870834,9.999999747378752e-05,0.020522931590676308,0.308837890625,0.10000000149011612,0.9639945030212402,-0.9649285674095154,-0.023047633469104767,0.003661890747025609
380,3901440,-0.04549087584018707,9.999999747378752e-05,0.02038901299238205,0.305908203125,0.10000000149011612,0.9154537916183472,-0.8870617151260376,-0.020325621590018272,0.010390163399279118
381,3911680,-0.05156116187572479,9.999999747378752e-05,0.02247440069913864,0.324462890625,0.10000000149011612,0.9358309507369995,-0.9361027479171753,-0.025958364829421043,0.004894951358437538
382,3921920,-0.05272247642278671,9.999999747378752e-05,0.024892300367355347,0.34228515625,0.10000000149011612,0.8627851009368896,-0.9021866321563721,-0.02181352861225605,0.013442782685160637
383,3932160,-0.026464300230145454,9.999999747378752e-05,0.0258090328425169,0.312255859375,0.10000000149011612,0.8989083766937256,-0.9387768507003784,-0.0208713598549366,0.008910696022212505
384,3942400,-0.0182330459356308,9.999999747378752e-05,0.0311557836830616,0.3212890625,0.10000000149011612,0.8488402366638184,-0.8711972236633301,-0.019005002453923225,0.011937099508941174
385,3952640,-0.05262980982661247,9.999999747378752e-05,0.018828023225069046,0.315185546875,0.10000000149011612,0.9657662510871887,-0.9541489481925964,-0.020960787311196327,0.00310286832973361
386,3962880,-0.04655952751636505,9.999999747378752e-05,0.019016318023204803,0.32080078125,0.10000000149011612,0.866818368434906,-0.9944961667060852,-0.01957613416016102,0.014347970485687256
387,3973120,-0.06170260161161423,9.999999747378752e-05,0.02259710803627968,0.32275390625,0.10000000149011612,0.962100088596344,-0.9985767602920532,-0.02475523017346859,0.003390386002138257
388,3983360,-0.04209291562438011,9.999999747378752e-05,0.023858821019530296,0.323486328125,0.10000000149011612,0.9214950203895569,-0.9446330666542053,-0.022460374981164932,0.00739057594910264
389,3993600,-0.05665893852710724,9.999999747378752e-05,0.024917449802160263,0.351318359375,0.10000000149011612,0.9580512046813965,-0.974378764629364,-0.02486445941030979,0.003566936356946826
390,4003840,-0.011822693049907684,9.999999747378752e-05,0.020257025957107544,0.32666015625,0.10000000149011612,0.8502986431121826,-1.004285454750061,-0.01895468682050705,0.01074165664613247
391,4014080,-0.04919801279902458,9.999999747378752e-05,0.024472488090395927,0.33544921875,0.10000000149011612,0.810015082359314,-0.9769448637962341,-0.022068392485380173,0.015369017608463764
392,4024320,-0.04195864871144295,9.999999747378752e-05,0.019825031980872154,0.297119140625,0.10000000149011612,0.8966227173805237,-0.9029375314712524,-0.0204349085688591,0.008508240804076195
393,4034560,-0.047583214938640594,9.999999747378752e-05,0.02064497023820877,0.320556640625,0.10000000149011612,0.9626312255859375,-0.8943561911582947,-0.02113213576376438,0.0031375589314848185
394,4044800,-0.04858189448714256,9.999999747378752e-05,0.02867353893816471,0.307861328125,0.10000000149011612,0.9309713840484619,-0.9457904696464539,-0.024518147110939026,0.005506883841007948
395,4055040,-0.043730877339839935,9.999999747378752e-05,0.02178358845412731,0.325927734375,0.10000000149011612,0.8567943572998047,-0.9531808495521545,-0.021525489166378975,0.014723770320415497
396,4065280,-0.029932662844657898,9.999999747378752e-05,0.023497313261032104,0.305908203125,0.10000000149011612,0.8601706624031067,-0.951994001865387,-0.020597299560904503,0.014725868590176105
397,4075520,-0.03069112077355385,9.999999747378752e-05,0.020513197407126427,0.318359375,0.10000000149011612,0.9427506923675537,-0.9294587969779968,-0.02016199193894863,0.006637078244239092
398,4085760,-0.038496047258377075,9.999999747378752e-05,0.026039231568574905,0.34130859375,0.10000000149011612,0.9239987730979919,-0.9137452840805054,-0.024208132177591324,0.006941711064428091
399,4096000,-0.04437045007944107,9.999999747378752e-05,0.022832244634628296,0.296142578125,0.10000000149011612,0.9155154228210449,-0.9461619257926941,-0.01917422004044056,0.009070217609405518
400,4106240,-0.03673741593956947,9.999999747378752e-05,0.02701503224670887,0.345703125,0.10000000149011612,0.968224287033081,-0.8197092413902283,-0.02453085593879223,0.00418685982003808
401,4116480,-0.04503161832690239,9.999999747378752e-05,0.030466893687844276,0.31494140625,0.10000000149011612,0.9144781231880188,-0.8824557065963745,-0.018587179481983185,0.009911345317959785
402,4126720,-0.019466040655970573,9.999999747378752e-05,0.028544064611196518,0.291748046875,0.10000000149011612,0.8035047650337219,-0.7714061737060547,-0.017051534727215767,0.010901655070483685
403,4136960,-0.010211379267275333,9.999999747378752e-05,0.03343333676457405,0.32861328125,0.10000000149011612,0.903794527053833,-0.9183529019355774,-0.02069680206477642,0.00984983704984188
404,4147200,-0.046550482511520386,9.999999747378752e-05,0.031671129167079926,0.312255859375,0.10000000149011612,0.9057392477989197,-0.806830108165741,-0.018437616527080536,0.008051651529967785
405,4157440,-0.039730969816446304,9.999999747378752e-05,0.021070636808872223,0.32177734375,0.10000000149011612,0.9454946517944336,-0.8771756887435913,-0.019826894626021385,0.004477114882320166
406,4167680,-0.05054944381117821,9.999999747378752e-05,0.02177785150706768,0.300048828125,0.10000000149011612,0.8755801320075989,-0.8127905130386353,-0.022395988926291466,0.01170375943183899
407,4177920,-0.031861811876297,9.999999747378752e-05,0.03480513021349907,0.311767578125,0.10000000149011612,0.924537181854248,-0.7805729508399963,-0.021166477352380753,0.012128680944442749
408,4188160,-0.04656779021024704,9.999999747378752e-05,0.023434046655893326,0.295166015625,0.10000000149011612,0.85323566198349,-0.868644118309021,-0.02045087330043316,0.014755608513951302
409,4198400,-0.043543972074985504,9.999999747378752e-05,0.028753509745001793,0.31787109375,0.10000000149011612,0.8856005072593689,-0.8046787977218628,-0.023061802610754967,0.009574191644787788
410,4208640,-0.04985620826482773,9.999999747378752e-05,0.019283583387732506,0.295166015625,0.10000000149011612,0.931523323059082,-0.8776021599769592,-0.022850830107927322,0.006771476473659277
411,4218880,-0.04067785292863846,9.999999747378752e-05,0.026676518842577934,0.319580078125,0.10000000149011612,0.9098166227340698,-0.907346785068512,-0.02528451196849346,0.009174171835184097
412,4229120,-0.05100838840007782,9.999999747378752e-05,0.04124505817890167,0.3017578125,0.10000000149011612,0.8982064723968506,-0.7949132919311523,-0.02402043715119362,0.01103671733289957
413,4239360,-0.054208219051361084,9.999999747378752e-05,0.03350578248500824,0.326416015625,0.10000000149011612,0.9116271138191223,-0.8275775909423828,-0.025937538594007492,0.013461289927363396
414,4249600,-0.05035854130983353,9.999999747378752e-05,0.028520621359348297,0.303955078125,0.10000000149011612,0.9363282918930054,-0.8078054189682007,-0.021150492131710052,0.007788894698023796
415,4259840,-0.035357847809791565,9.999999747378752e-05,0.03286616504192352,0.2763671875,0.10000000149011612,0.893234372138977,-0.715401828289032,-0.01806694269180298,0.01494592148810625
416,4270080,-0.044553354382514954,9.999999747378752e-05,0.02464612014591694,0.31005859375,0.10000000149011612,0.9167282581329346,-0.882483720779419,-0.020522847771644592,0.006722996477037668
417,4280320,-0.0316833034157753,9.999999747378752e-05,0.03293098136782646,0.282470703125,0.10000000149011612,0.7733344435691833,-0.7684956789016724,-0.019719047471880913,0.031398408114910126
418,4290560,-0.03300881013274193,9.999999747378752e-05,0.034532610327005386,0.342529296875,0.10000000149011612,0.755572497844696,-0.8789335489273071,-0.02514158934354782,0.034262076020240784
419,4300800,-0.04621623083949089,9.999999747378752e-05,0.036111682653427124,0.34814453125,0.10000000149011612,0.8676460981369019,-0.9203169941902161,-0.02424015663564205,0.013582662679255009
420,4311040,-0.04484456777572632,9.999999747378752e-05,0.02302013523876667,0.285888671875,0.10000000149011612,0.9388263821601868,-0.8428903222084045,-0.02039157971739769,0.00604123855009675
421,4321280,-0.022093575447797775,9.999999747378752e-05,0.02523798495531082,0.285888671875,0.10000000149011612,0.9186371564865112,-0.8267704248428345,-0.019755935296416283,0.00720237148925662
422,4331520,-0.03731992840766907,9.999999747378752e-05,0.02682199701666832,0.329833984375,0.10000000149011612,0.9069397449493408,-0.9810860753059387,-0.025796901434659958,0.013654670678079128
423,4341760,-0.03996484726667404,9.999999747378752e-05,0.020433131605386734,0.29736328125,0.10000000149011612,0.9194796681404114,-1.0016510486602783,-0.023668697103857994,0.009489864110946655
424,4352000,-0.04479546099901199,9.999999747378752e-05,0.015408867970108986,0.29541015625,0.10000000149011612,0.8361284136772156,-0.9440819621086121,-0.017225051298737526,0.012884815223515034
425,4362240,-0.05645075440406799,9.999999747378752e-05,0.030884023755788803,0.3232421875,0.10000000149011612,0.8096237182617188,-0.9294731020927429,-0.02217770367860794,0.019161073490977287
426,4372480,-0.03936836123466492,9.999999747378752e-05,0.020757999271154404,0.314697265625,0.10000000149011612,0.9439030289649963,-1.0799070596694946,-0.025298550724983215,0.004953830968588591
427,4382720,-0.05692350119352341,9.999999747378752e-05,0.023515677079558372,0.336181640625,0.10000000149011612,0.9647810459136963,-0.9491173028945923,-0.024183139204978943,0.0027949889190495014
428,4392960,-0.03946007415652275,9.999999747378752e-05,0.023104343563318253,0.3251953125,0.10000000149011612,0.9695639610290527,-0.9961240887641907,-0.025508856400847435,0.003197590121999383
429,4403200,-0.05316920205950737,9.999999747378752e-05,0.0244838148355484,0.3193359375,0.10000000149011612,0.9075887799263,-0.8909406661987305,-0.02359125390648842,0.009406134486198425
430,4413440,-0.03461882099509239,9.999999747378752e-05,0.03475843369960785,0.3291015625,0.10000000149011612,0.9109723567962646,-0.8335921168327332,-0.021278785541653633,0.008767896331846714
431,4423680,-0.04169563949108124,9.999999747378752e-05,0.02144448459148407,0.29638671875,0.10000000149011612,0.9311705827713013,-0.8929837942123413,-0.020719172433018684,0.006372259929776192
432,4433920,-0.027292735874652863,9.999999747378752e-05,0.027550550177693367,0.3232421875,0.10000000149011612,0.9340172410011292,-0.8654643297195435,-0.01808634214103222,0.005054170731455088
433,4444160,-0.04028373584151268,9.999999747378752e-05,0.027842197567224503,0.333984375,0.10000000149011612,0.9208647012710571,-0.8994685411453247,-0.022922774776816368,0.009330053813755512
434,4454400,-0.0375952310860157,9.999999747378752e-05,0.02859559655189514,0.317626953125,0.10000000149011612,0.8792524337768555,-0.9464306235313416,-0.021813495084643364,0.01564217358827591
435,4464640,-0.05157621204853058,9.999999747378752e-05,0.023786364123225212,0.328125,0.10000000149011612,0.8958567976951599,-0.8809959292411804,-0.02108992636203766,0.005657108500599861
436,4474880,-0.020695464685559273,9.999999747378752e-05,0.022138677537441254,0.31884765625,0.10000000149011612,0.9541547298431396,-0.8561536073684692,-0.02263769879937172,0.0036042085848748684
437,4485120,-0.037973374128341675,9.999999747378752e-05,0.02280407026410103,0.313232421875,0.10000000149011612,0.9233112335205078,-0.9528812766075134,-0.023600460961461067,0.007715790998190641
438,4495360,-0.05276887118816376,9.999999747378752e-05,0.022450895980000496,0.3251953125,0.10000000149011612,0.9255601763725281,-0.9466702342033386,-0.023289291188120842,0.00891221035271883
439,4505600,-0.0640653595328331,9.999999747378752e-05,0.01925807073712349,0.313720703125,0.10000000149011612,0.9791592955589294,-1.0354971885681152,-0.02598719485104084,0.001954862615093589
440,4515840,-0.0485578328371048,9.999999747378752e-05,0.021833639591932297,0.316650390625,0.10000000149011612,0.9631522297859192,-0.8733585476875305,-0.0263620987534523,0.002813162514939904
441,4526080,-0.04252109304070473,9.999999747378752e-05,0.023259282112121582,0.29052734375,0.10000000149011612,0.9108275175094604,-0.8636102676391602,-0.01679861918091774,0.005107689183205366
442,4536320,-0.04785390943288803,9.999999747378752e-05,0.02323407121002674,0.323974609375,0.10000000149011612,0.9576048254966736,-0.9282591342926025,-0.023790108039975166,0.0035667496267706156
443,4546560,-0.05402027815580368,9.999999747378752e-05,0.026838509365916252,0.338623046875,0.10000000149011612,0.9689801931381226,-0.9314115047454834,-0.024838842451572418,0.0027940061409026384
444,4556800,-0.04472201317548752,9.999999747378752e-05,0.026732949540019035,0.309814453125,0.10000000149011612,0.9271451234817505,-0.943082332611084,-0.024383187294006348,0.007543932646512985
445,4567040,-0.054597463458776474,9.999999747378752e-05,0.023264123126864433,0.33642578125,0.10000000149011612,0.970747709274292,-0.8484609723091125,-0.023161156103014946,0.0024446528404951096
446,4577280,-0.04270167648792267,9.999999747378752e-05,0.025512412190437317,0.321044921875,0.10000000149011612,0.9055362939834595,-0.9041770100593567,-0.024523116648197174,0.009393071755766869
447,4587520,-0.04818981885910034,9.999999747378752e-05,0.026584845036268234,0.310546875,0.10000000149011612,0.9594425559043884,-0.8356279730796814,-0.023027149960398674,0.00378985027782619
448,4597760,-0.05791262537240982,9.999999747378752e-05,0.0315474197268486,0.333251953125,0.10000000149011612,0.9381484985351562,-0.889805018901825,-0.024781689047813416,0.004265438299626112
449,4608000,-0.03861566260457039,9.999999747378752e-05,0.024888385087251663,0.306884765625,0.10000000149011612,0.9354023337364197,-0.8491141200065613,-0.019815271720290184,0.003817307762801647
450,4618240,-0.03981775790452957,9.999999747378752e-05,0.0266850758343935,0.341552734375,0.10000000149011612,0.8832910060882568,-0.9510427117347717,-0.023999666795134544,0.012772112153470516
451,4628480,-0.0332055389881134,9.999999747378752e-05,0.031596019864082336,0.339599609375,0.10000000149011612,0.9466700553894043,-0.7963972687721252,-0.023436494171619415,0.005258522927761078
452,4638720,-0.054342661052942276,9.999999747378752e-05,0.023903552442789078,0.3349609375,0.10000000149011612,0.8800451755523682,-0.9278139472007751,-0.021899297833442688,0.01133614219725132
453,4648960,-0.027199622243642807,9.999999747378752e-05,0.030665811151266098,0.297607421875,0.10000000149011612,0.9149445295333862,-0.7718362808227539,-0.019879238680005074,0.00889109168201685
454,4659200,-0.054189857095479965,9.999999747378752e-05,0.02688886970281601,0.318115234375,0.10000000149011612,0.9491990804672241,-0.9059313535690308,-0.02330181933939457,0.003942199517041445
455,4669440,-0.054675597697496414,9.999999747378752e-05,0.036993607878685,0.351806640625,0.10000000149011612,0.9171608686447144,-0.8858882188796997,-0.02841983735561371,0.010829546488821507
456,4679680,-0.04883430153131485,9.999999747378752e-05,0.04649411141872406,0.326171875,0.10000000149011612,0.9110673666000366,-0.8740357756614685,-0.02031097188591957,0.010387275367975235
457,4689920,-0.04828431457281113,9.999999747378752e-05,0.03552140295505524,0.317138671875,0.10000000149011612,0.8182300329208374,-0.8917890787124634,-0.01976129598915577,0.01334625855088234
458,4700160,-0.04465600848197937,9.999999747378752e-05,0.024439148604869843,0.323974609375,0.10000000149011612,0.9328235387802124,-0.8808128833770752,-0.024250982329249382,0.0043839565478265285
459,4710400,-0.0461835041642189,9.999999747378752e-05,0.026357201859354973,0.320068359375,0.10000000149011612,0.936133623123169,-0.8929592967033386,-0.017893487587571144,0.0045299590565264225
460,4720640,-0.035842493176460266,9.999999747378752e-05,0.02915111742913723,0.3046875,0.10000000149011612,0.9647892117500305,-0.784619927406311,-0.022201821208000183,0.0030009399633854628
461,4730880,-0.06165921688079834,9.999999747378752e-05,0.031665537506341934,0.346923828125,0.10000000149011612,0.9696749448776245,-0.8977794051170349,-0.02751115895807743,0.00258004036732018
462,4741120,-0.0354648232460022,9.999999747378752e-05,0.025272186845541,0.324462890625,0.10000000149011612,0.9090718030929565,-0.9206947684288025,-0.022729726508259773,0.010274821892380714
463,4751360,-0.05309215188026428,9.999999747378752e-05,0.024935679510235786,0.314453125,0.10000000149011612,0.9262981414794922,-0.888744056224823,-0.022161303088068962,0.006580461282283068
464,4761600,-0.037642866373062134,9.999999747378752e-05,0.032904792577028275,0.31982421875,0.10000000149011612,0.9582078456878662,-0.8445863723754883,-0.022377410903573036,0.00526238651946187
465,4771840,-0.0489078126847744,9.999999747378752e-05,0.03508426249027252,0.310302734375,0.10000000149011612,0.9451030492782593,-0.871782124042511,-0.021624227985739708,0.005752183496952057
466,4782080,-0.05831163749098778,9.999999747378752e-05,0.02760930173099041,0.31787109375,0.10000000149011612,0.9390164017677307,-0.94281405210495,-0.022430062294006348,0.006248934660106897
467,4792320,-0.01737375184893608,9.999999747378752e-05,0.032645389437675476,0.30859375,0.10000000149011612,0.875478982925415,-0.7879013419151306,-0.020262449979782104,0.015213770791888237
468,4802560,-0.04576408863067627,9.999999747378752e-05,0.027768123894929886,0.3154296875,0.10000000149011612,0.8884362578392029,-0.8850257396697998,-0.020613165572285652,0.007646310608834028
469,4812800,-0.039474278688430786,9.999999747378752e-05,0.029942475259304047,0.312255859375,0.10000000149011612,0.97173672914505,-0.7105792760848999,-0.02062680758535862,0.002345793880522251
470,4823040,-0.047767091542482376,9.999999747378752e-05,0.025244563817977905,0.306884765625,0.10000000149011612,0.9545814990997314,-0.8362624049186707,-0.017225759103894234,0.004224121570587158
471,4833280,-0.04217991977930069,9.999999747378752e-05,0.01872594840824604,0.289794921875,0.10000000149011612,0.9403694272041321,-0.807727575302124,-0.017498377710580826,0.003644124139100313
472,4843520,-0.05393194407224655,9.999999747378752e-05,0.03279193863272667,0.30322265625,0.10000000149011612,0.9562784433364868,-0.7215377688407898,-0.020274994894862175,0.004368040710687637
473,4853760,-0.04880207031965256,9.999999747378752e-05,0.02180202677845955,0.322021484375,0.10000000149011612,0.9844456911087036,-0.8255179524421692,-0.02344537526369095,0.0016449443064630032
474,4864000,-0.06016020104289055,9.999999747378752e-05,0.02748093381524086,0.31005859375,0.10000000149011612,0.9848141670227051,-0.7394253611564636,-0.02322603389620781,0.001814262941479683
475,4874240,-0.0495552197098732,9.999999747378752e-05,0.027267154306173325,0.30029296875,0.10000000149011612,0.9470643997192383,-0.8025460243225098,-0.018518567085266113,0.005729211959987879
476,4884480,-0.04679511860013008,9.999999747378752e-05,0.029773026704788208,0.324951171875,0.10000000149011612,0.9645911455154419,-0.7720881700515747,-0.022179627791047096,0.002951378934085369
477,4894720,-0.03343433886766434,9.999999747378752e-05,0.026942726224660873,0.314453125,0.10000000149011612,0.9344693422317505,-0.8004164099693298,-0.02220706269145012,0.009583723731338978
478,4904960,-0.04262842237949371,9.999999747378752e-05,0.026493053883314133,0.29541015625,0.10000000149011612,0.9347877502441406,-0.7846121191978455,-0.02114918641746044,0.006804754491895437
479,4915200,-0.04917865991592407,9.999999747378752e-05,0.020754441618919373,0.30859375,0.10000000149011612,0.9545321464538574,-0.8995094895362854,-0.022586647421121597,0.005141024943441153
480,4925440,-0.05236057937145233,9.999999747378752e-05,0.02827710285782814,0.311279296875,0.10000000149011612,0.9459613561630249,-0.7970214486122131,-0.021295325830578804,0.003827083855867386
481,4935680,-0.04257747903466225,9.999999747378752e-05,0.029404640197753906,0.33544921875,0.10000000149011612,0.93146151304245,-0.9045389294624329,-0.023634284734725952,0.00730104511603713
482,4945920,-0.01749395951628685,9.999999747378752e-05,0.028205841779708862,0.28857421875,0.10000000149011612,0.9356533885002136,-0.7178946137428284,-0.013514449819922447,0.005105239804834127
483,4956160,-0.04026125371456146,9.999999747378752e-05,0.0232965387403965,0.30029296875,0.10000000149011612,0.9756719470024109,-0.8292388319969177,-0.020786793902516365,0.002201762981712818
484,4966400,-0.026883184909820557,9.999999747378752e-05,0.024982228875160217,0.314453125,0.10000000149011612,0.9134930372238159,-0.8619412183761597,-0.01765715889632702,0.007748170290142298
485,4976640,-0.03497019782662392,9.999999747378752e-05,0.03548060357570648,0.335693359375,0.10000000149011612,0.9686985015869141,-0.7998374104499817,-0.023555317893624306,0.0023080226965248585
486,4986880,-0.031200768426060677,9.999999747378752e-05,0.04661041498184204,0.282958984375,0.10000000149011612,0.8933943510055542,-0.7297269701957703,-0.015395794063806534,0.01235407218337059
487,4997120,-0.03405433148145676,9.999999747378752e-05,0.030060769990086555,0.3046875,0.10000000149011612,0.982256293296814,-0.7619634866714478,-0.02092217467725277,0.0018994919955730438
